Nom structure;Adresse;Code postal;Département;Ville;Année(s) subvention Région;Montant subvention 2000;Montant subvention 2001;Montant subvention 2002;Montant subvention 2003;Montant subvention 2004;Montant subvention 2005;Montant subvention 2006;Montant subvention 2007;Montant subvention 2008;Montant subvention 2009;Montant subvention 2010;Montant subvention 2011;Montant subvention 2012;Montant subvention 2013;wgs84
MÉDIATHÈQUE SAINT-JOHN PERSE;2 rue Édouard Poisson;93300;93;AUBERVILLIERS;;;;;;;;;;;;;;;;48.9104747,2.385008
MÉDIATHÈQUE GEORGES PÉREC;8-10 rue du Marqis de Raies;91080;91;COURCOURONNES;;;;;;;;;;;;;;;;48.6293899,2.4135832
MÉDIATHÈQUE LES MUSES;101 rue de la Division Leclerc;91310;91;LINAS;;;;;;;;;;;;;;;;48.6305113,2.2650636
MÉDIATHÈQUE MUNICIPALE;2 route de la Creusée;91530;91;LE-VAL-SAINT-GERMAIN;;;;;;;;;;;;;;;;48.5657217,2.0601725
BIBLIOTHÈQUE LE GRENIER;5 place des Droits de l'Homme;91800;91;BOUSSY-SAINT-ANTOINE;;;;;;;;;;;;;;;;48.6891076,2.5297452
MÉDIATHÈQUE MUNICIPALE ELSA TRIOLET;1 esplanade Pierre-Yves Cosnier;94800;94;VILLEJUIF;"Subvention Région 2002 ; Subvention Région 2005";;;954363;;;354117;;;;;;;;;48.792716,2.359279
L'ECHO;53 avenue de Fontainebleau;94270;94;LE-KREMLIN-BICETRE;Subvention Région 2007;;;;;;;;1072029;;;;;;;48.8125976,2.361918
BIBLIOTHÈQUE MUNICIPALE GUY DE MAUPASSANT;121 rue Paul Doumer;78510;78;TRIEL-SUR-SEINE;;;;;;;;;;;;;;;;48.9794406,2.0040116
BIBLIOTHÈQUE INTERCOMMUNALE AIMÉ CÉSAIRE;1 place Victor Hugo;95400;95;VILLIERS-LE-BEL;;;;;;;;;;;;;;;;48.995181,2.4114545
MÉDIATHÈQUE MUNICIPALE;17 rue des Grands Prés;77750;77;ORLY-SUR-MORIN;;;;;;;;;;;;;;;;48.9044901,3.2293493
BIBLIOTHÈQUE MUNICIPALE JEAN STERLIN;31-33 avenue Jean Jaurès;77360;77;VAIRES-SUR-MARNE;;;;;;;;;;;;;;;;48.8732157,2.6372418
BIBLIOTHÈQUE MUNICIPALE;1 rue Jules Ferry;77174;77;VILLENEUVE-LE-COMTE;;;;;;;;;;;;;;;;48.8120728,2.8273782
BIBLIOTHÈQUE MUNICIPALE;97 Grande Rue;91490;91;ONCY-SUR-ECOLE;;;;;;;;;;;;;;;;48.3826612,2.4740792
BIBLIOTHÈQUE MONMOUSSEAU;17 avenue Gaston Monmousseau;94200;94;IVRY-SUR-SEINE;;;;;;;;;;;;;;;;48.8050449,2.3811945
BIBLIOTHÈQUE MUNICIPALE DE LA PLÉIADE;Mairie - Rue des Près;91340;91;OLLAINVILLE;;;;;;;;;;;;;;;;48.590985,2.21856
BIBLIOTHÈQUE;28 rue Martin IV;77390;77;ANDREZEL;;;;;;;;;;;;;;;;48.6113635,2.8128508
MÉDIATHÈQUE ÉDOUARD GLISSANT;1-5 place de la Libération;93150;93;LE-BLANC-MESNIL;;;;;;;;;;;;;;;;48.9838793,2.4284816
BIBLIOTHÈQUE ISLE SAINT LOUIS;21 rue Saint-Louis-en-l'Isle;75004;75;PARIS;;;;;;;;;;;;;;;;48.8514761,2.3573883
BIBLIOTHÈQUE MUNICIPALE DU CHÂTEAU;282 avenue de la Bretechelle;78370;78;PLAISIR;;;;;;;;;;;;;;;;48.8165131,1.9544954
MÉDIATHÈQUE DE FRONTENAC;Rue Sainte-Anne;78760;78;JOUARS-PONTCHARTRAIN;;;;;;;;;;;;;;;;48.8008282,1.8999345
BIBLIOTHÈQUE GEORGE SAND;21 rue Henri Thirard;94240;94;L'HAY-LES-ROSES;;;;;;;;;;;;;;;;48.7783104,2.3453448
BIBLIOTHÈQUE MUNICIPALE JEUNESSE;Centre social André Joly - 1 place du Jumelage;78170;78;LA-CELLE-SAINT-CLOUD;;;;;;;;;;;;;;;;48.844886,2.1328572
"BIBLIOTHÈQUE ""CULTURE ET BIBLIOTHÈQUE POUR TOUS""";5 rue Pierre Brossolette;95130;95;LE-PLESSIS-BOUCHARD;;;;;;;;;;;;;;;;49.0021687,2.2338669
BIBLIOTHÈQUE;Rue des Écoles;95230;95;SOISY-SOUS-MONTMORENCY;;;;;;;;;;;;;;;;48.9865257,2.2985084
BIBLIOTHÈQUE MUNICIPALE;8 rue des Sablons;95650;95;GÉNICOURT;;;;;;;;;;;;;;;;49.0873353,2.0656312
MÉDIATHÈQUE MUNICIPALE STENDHAL;3 place Mendès France;95310;95;SAINT-OUEN-L'AUMONE;;;;;;;;;;;;;;;;49.0449536,2.1074657
BIBLIOTHÈQUE MUNICIPALE;Grande rue;91630;91;LEUDEVILLE;;;;;;;;;;;;;;;;48.564443,2.330691
BIBLIOTHÈQUE MUNICIPALE;Place du Chariot;91410;91;DOURDAN;;;;;;;;;;;;;;;;48.5269822,2.0132799
MÉDIATHÈQUE LA BUANDERIE - ANNE CAPPEZZUOLI;Place Ferrari - Rue du Guet;92140;92;CLAMART;"Subvention Région 2003 ; Subvention Région 2005";;;;668184;;703857;;;;;;;;;48.7982087,2.2645047
BIBLIOTHÈQUE ALPHONSE DAUDET;Rue du Hameau;93600;93;AULNAY-SOUS-BOIS;;;;;;;;;;;;;;;;48.94784,2.5044953
BIBLIOTHÈQUE;4 allée Giverny;78290;78;CROISSY-SUR-SEINE;;;;;;;;;;;;;;;;48.8777113,2.1257298
BIBLIOTHÈQUE MUNICIPALE ANDRÈ MALRAUX;4 rue Albert Camus;94700;94;MAISONS-ALFORT;;;;;;;;;;;;;;;;48.8025069,2.4433579
BIBLIOTHÈQUE CLAGNY-GLATIGNY;9 rue Dauthiau;78000;78;VERSAILLES;;;;;;;;;;;;;;;;48.8129439,2.1433791
BIBLIOTHÈQUE MUNICIPALE;Place de la Libération;78670;78;VILLENNES-SUR-SEINE;;;;;;;;;;;;;;;;48.9397739,1.9990585
MÉDIATHÈQUE MUNICIPALE;90 bis rue Martre - Centre administratif;92110;92;CLICHY;;;;;;;;;;;;;;;;48.9038318,2.3055996
BIBLIOTHÈQUE VERCORS;Place de la Mairie;77860;77;SAINT-GERMAIN-SUR-MORIN;;;;;;;;;;;;;;;;48.8831311,2.8513416
BIBLIOTHÈQUE MUNICIPALE;Place de la Mairie;77140;77;NONVILLE;;;;;;;;;;;;;;;;48.2861187,2.7876636
BIBLIOTHÈQUE MUNICIPALE;Place de l'Église;77320;77;LESCHEROLLES;;;;;;;;;;;;;;;;48.762376,3.345817
MÉDIATHÈQUE SAMUEL BECKETT;24 rue du Port aux Meules;77260;77;LA-FERTÉ-SOUS-JOUARRE;;;;;;;;;;;;;;;;48.9470063,3.1309724
BIBLIOTHÈQUE BLEUETS;Place des Bouleaux;94000;94;CRETEIL;;;;;;;;;;;;;;;;48.8023592,2.4552196
MÉDIATHÈQUE ELSA TRIOLET;17 rue du Château d'Eau;91130;91;RIS-ORANGIS;;;;;;;;;;;;;;;;48.6476428,2.4002045
BIBLIOTHÈQUE MUNICIPALE;Rue Joseph Hémard;78130;78;LES-MUREAUX;Subvention Région 2006;;;;;;;546000;;;;;;;;48.9885419,1.9135749
BIBLIOTHÈQUE MUNICIPALE;5 rue Paul Doumer;78540;78;VERNOUILLET;;;;;;;;;;;;;;;;48.9723644,1.9839239
MÉDIATHÈQUE MUNICIPALE DU MOUSTIER;43 rue Langlois;91490;91;MILLY-LA-FORÊT;;;;;;;;;;;;;;;;48.4035121,2.4689828
BIBLIOTHÈQUE MUNICIPALE;14 rue Fournier;77390;77;OZOUER-LE-VOULGIS;;;;;;;;;;;;;;;;48.658942,2.7740922
BIBLIOTHÈQUE;Rue Grande;77390;77;CHAMPDEUIL;;;;;;;;;;;;;;;;48.6186561,2.7349908
MEDIATHEQUE DE LA FERME CORSANGE;2 A rue aux Maigres;77400;77;BAILLY-ROMAINVILLIERS;;;;;;;;;;;;;;;;48.8477783,2.825462
BIBLIOTHÈQUE BALZAC DE VILLENEUVE-SAINT-GEORGES;18 ter rue Balzac;94190;94;VILLENEUVE-SAINT-GEORGES;;;;;;;;;;;;;;;;48.7297281,2.4492426
BIBLIOTHÈQUE ANNEXE DU PONT DE CRETEIL;23 avenue Henri Martin;94100;94;SAINT-MAUR-DES-FOSSÉS;;;;;;;;;;;;;;;;48.7994237,2.4883913
BIBLIOTHÈQUE MUNICIPALE;5 rue de l'Indépendance Américaine;78000;78;VERSAILLES;;;;;;;;;;;;;;;;48.8020619,2.1209407
BIBLIOTHÈQUE;38 rue Sœur Azélie;95170;95;DEUIL-LA-BARRE;;;;;;;;;;;;;;;;48.9721649,2.3262798
MÉDIATHÈQUE LE NAUTILUS;12 bis Square des Fêtes;78450;78;VILLEPREUX;Subvention Région 2011;;;;;;;;;;;;284241;;;48.8266737,2.0010643
BIBLIOTHÈQUE MUNICIPALE CONSTANTIN ANDREOU;Hôtel de Ville;91620;91;LA-VILLE-DU-BOIS;;;;;;;;;;;;;;;;48.6823383,2.2366317
BIBLIOTHÈQUE MÉDIATHÈQUE LA GR@NGE;9 rue de Rimoron;91650;91;BREUX-JOUY;;;;;;;;;;;;;;;;48.5576305,2.1555684
BIBLIOTHÈQUE DES GONDOLES DE CHOISY-LE-ROI;1 avenue d'Alfortville;94600;94;CHOISY-LE-ROI;;;;;;;;;;;;;;;;48.7670972,2.4140393
BIBLIOTHÈQUE MUNICIPALE GEORGES BRASSENS;Place de la Libération;95370;95;MONTIGNY-LÈS-CORMEILLES;;;;;;;;;;;;;;;;48.9912819,2.1670053
BIBLIOTHÈQUE DE QUARTIER DES CHÊNES;7 allée des Primevères;92150;92;SURESNES;;;;;;;;;;;;;;;;48.8805559,2.2240653
BIBLIOTHÈQUE MUNICIPALE;3 place Bernard Dautier;78140;78;VÉLIZY-VILLACOUBLAY;;;;;;;;;;;;;;;;48.7823775,2.188521
MÉDIATHÈQUE MUNICIPALE;Salle du Noyer;91640;91;VAUGRIGNEUSE;;;;;;;;;;;;;;;;48.603098,2.120103
BIBLIOTHÈQUE MUNICIPALE LE BRÉAU ANNEXE;Rue des Rossignols;77300;77;FONTAINEBLEAU;;;;;;;;;;;;;;;;48.3993884,2.7135599
BIBLIOTHÈQUE MUNICIPALE;31 rue Dauvilliers;91290;91;ARPAJON;;;;;;;;;;;;;;;;48.5897156,2.2518801
MÉDIATHÈQUE ALBERT CAMUS;11 rue Félix Merlin;93800;93;ÉPINAY-SUR-SEINE;;;;;;;;;;;;;;;;48.9557399,2.3008806
BIBLIOTHÈQUE MUNICIPALE;Rue Yolande Morice;78111;78;DAMMARTIN-EN-SERVE;;;;;;;;;;;;;;;;48.9041025,1.6163859
BIBLIOTHÈQUE MUNICIPALE;Rue du Président Kennedy;94370;94;NOISEAU;;;;;;;;;;;;;;;;48.7771124,2.5475246
MÉDIATHÈQUE MUNICIPALE GEORGES BRASSENS;16 avenue Jean Jaurès;77290;77;MITRY-MORY;;;;;;;;;;;;;;;;48.9553437,2.6000059
MÉDIATHÈQUE FERME DU BUISSON;Allée de la Ferme;77186;77;NOISIEL;Subvention Région 2002;;;858884;;;;;;;;;;;;48.8448064,2.6250278
MÉDIATHÈQUE MUNICIPALE;23 rue de Martroy;91610;91;BALLANCOURT-SUR-ESSONNE;Subvention Région 2013;;;;;;;;;;;;;;597870;48.5244162,2.3822837
BIBLIOTHÈQUE JACQUES PRÉVERT;Boulevard Jacques Decour;93150;93;LE-BLANC-MESNIL;;;;;;;;;;;;;;;;48.9247589,2.4743192
BIBLIOTHÈQUE MUNICIPALE;1 route de Flexanville;78910;78;ORGERUS;;;;;;;;;;;;;;;;48.840719,1.7055705
POINT LECTURE DU TREMBLAY-SUR-MAULDRE;Espace Blaise Cendars - Rue du Pavé;78490;78;LE-TREMBLAY-SUR-MAULDRE;;;;;;;;;;;;;;;;48.7782229,1.88006
LUDO-MÉDIATHÈQUE;1 place du 19 mars 1962;95470;95;FOSSES;Subvention Région 2010;;;;;;;;;;;425453;;;;49.098645,2.516668
BIBLIOTHÈQUE DE SANTENY;3 route de Marolles;94440;94;SANTENY;;;;;;;;;;;;;;;;48.728536,2.570834
MÉDIATHÈQUE DU PETIT NANTERRE;6 place des Muguets;92000;92;NANTERRE;;;;;;;;;;;;;;;;48.9098376,2.220278
BIBLIOTHÈQUE INTERCOMMUNALE ANNA LANGFUS;37 boulevard Henri Bergson;95200;95;SARCELLES;;;;;;;;;;;;;;;;48.9767235,2.3768554
MÉDIATHÈQUE MUNICIPALE;Square Jules Ferry;95110;95;SANNOIS;;;;;;;;;;;;;;;;48.9696329,2.2572453
BIBLIOTHÈQUE MÉDIATHÈQUE ANDRÉ MALRAUX;17 rue Jacques Coeur;91600;91;SAVIGNY-SUR-ORGE;;;;;;;;;;;;;;;;48.6775588,2.3476512
BIBLIOTHÈQUE MUNICIPALE;1 place de la Mairie;91470;91;LES-MOLIERES;;;;;;;;;;;;;;;;48.6728478,2.0696833
BIBLIOTHÈQUE DE L'ALMONT;9 rue Claude Bernard;77000;77;MELUN;;;;;;;;;;;;;;;;48.543093,2.67704
BIBLIOTHÈQUE LUCIE AUBRAC;13-15 rue Eugène Berthoud;93400;93;SAINT-OUEN;;;;;;;;;;;;;;;;48.9066016,2.3455702
BIBLIOTHÈQUE VAUGIRARD;154 rue Lecourbe;75015;75;PARIS;;;;;;;;;;;;;;;;48.841894,2.2992152
MÉDIATHÈQUE RAYMOND QUENEAU;5 rue du 8 mai 1945;91130;91;RIS-ORANGIS;;;;;;;;;;;;;;;;48.6570709,2.4106158
MÉDIATHÈQUE ÉMILE ZOLA;8 rue de la Mairie;78660;78;ABLIS;;;;;;;;;;;;;;;;48.517149,1.8331736
BIBLIOTHÈQUE ROBERT DOISNEAU;30-40 rue Francois Kovac;92237;92;GENNEVILLIERS;;;;;;;;;;;;;;;;48.9175129,2.3013034
BIBLIOTHÈQUE BENJAMIN RABIER;141 rue de Flandre;75019;75;PARIS;;;;;;;;;;;;;;;;48.8926281,2.3791233
MÉDIATHÈQUE DE BURES-SUR-YVETTE;7 impasse de la Station;91440;91;BURES-SUR-YVETTE;;;;;;;;;;;;;;;;48.6961796,2.1635
BIBLIOTHÈQUE CARTIER BRESSON;2 route du Moulin Bourcier;77600;77;CHANTELOUP-EN-BRIE;;;;;;;;;;;;;;;;48.8564094,2.7386953
MÉDIATHÈQUE DE L'AGORA;109 place de l'Agora;91000;91;EVRY;;;;;;;;;;;;;;;;48.6292,2.430085
BIBLIOTHÈQUE BIBLIO RÊVES MÉDIATHÈQUE;5 place de la Mairie;78730;78;PONTHÉVRARD;;;;;;;;;;;;;;;;48.5531165,1.911416
BIBLIOTHÈQUE JULES VERNE;73 rue Édouard Vaillant;93500;93;PANTIN;;;;;;;;;;;;;;;;48.9016925,2.3933099
BIBLIOTHÈQUE GUY DE MAUPASSANT;11 avenue du Général de Gaulle;93360;93;NEUILLY-PLAISANCE;;;;;;;;;;;;;;;;48.8610123,2.5056212
BIBLIOTHÈQUE PORTE MONTMARTRE;18 avenue de la Porte Montmartre;75018;75;PARIS;;;;;;;;;;;;;;;;48.8988196,2.3873265
BIBLIOTHÈQUE MUNICIPALE;Route de Denisy;78330;78;SAINTE-MESME;;;;;;;;;;;;;;;;48.5418083,1.9392196
MÉDIATHÈQUE MUNICIPALE;Place du Jeu de Paume;78730;78;SAINT-ARNOULT-EN-YVELINES;;;;;;;;;;;;;;;;48.571308,1.940096
BIBLIOTHÈQUE MUNICIPALE LOUIS ARAGON;Hôtel de ville - 23 rue de Paris;94340;94;JOINVILLE-LE-PONT;;;;;;;;;;;;;;;;48.8181395,2.4664638
MÉDIATHÈQUE MUNICIPALE LÉO FERRÉ;5 rue Alfred Dubois;91460;91;MARCOUSSIS;Subvention Région 2005;;;;;;228749;;;;;;;;;48.6431769,2.2314522
BIBLIOTHÈQUE MUNICIPALE;Place Trudaine;77520;77;MONTIGNY-LENCOUP;;;;;;;;;;;;;;;;48.452523,3.0618219
BIBLIOTHÈQUE MUNICIPALE;Mairie;91190;91;GIF-SUR-YVETTE;;;;;;;;;;;;;;;;48.7019783,2.1338592
BIBLIOTHÈQUE MUNICIPALE;Mairie - Impasse Camus;77430;77;CHAMPAGNE-SUR-SEINE;;;;;;;;;;;;;;;;48.399431,2.797807
BIBLIOTHÈQUE MUNICIPALE;5 cour de la Ferme;78640;78;VILLIERS-SAINT-FRÉDÉRIC;;;;;;;;;;;;;;;;48.8188825,1.891768
BIBLIOTHÈQUE MUNICIPALE GUILLAUME APOLLINAIRE;14 rue Alexandre Prachay;95300;95;PONTOISE;;;;;;;;;;;;;;;;49.0488364,2.0993371
ANNEXE JEAN JAURÈS;46 rue Jean Jaurès;78190;78;TRAPPES;;;;;;;;;;;;;;;;48.7759093,1.9994348
MÉDIATHÈQUE MUNICIPALE FRANÇOIS MAURIAC;20 rue Robert Peltier;95190;95;GOUSSAINVILLE;;;;;;;;;;;;;;;;49.0353261,2.4583836
BIBLIOTHÈQUE ANNEXE DE LA VARENNE;Carré Médicis 5 rue Saint-Hilaire;94100;94;SAINT-MAUR-DES-FOSSÉS;;;;;;;;;;;;;;;;48.7930977,2.5143124
MÉDIATHÈQUE JEAN RENAUDIE;52 rue Roger Salengro;93340;93;VILLETANEUSE;;;;;;;;;;;;;;;;48.9640194,2.3440622
BIBLIOTHÈQUE JULES VERNE;7 rue du Capitaine Guise;78800;78;HOUILLES;;;;;;;;;;;;;;;;48.9229912,2.1923476
MÉDIATHÈQUE ANDRÉE CHEDID;6 avenue des Gardes Messiers;91360;91;VILLEMOISSON-SUR-ORGE;Subvention Région 2006;;;;;;;256410;;;;;;;;48.6601672,2.3270676
BIBLIOTHÈQUE MUNICIPALE;41 rue de Colombes;92400;92;COURBEVOIE;;;;;;;;;;;;;;;;48.8986944,2.2556887
MÉDIATHÈQUE JEAN MOULIN;2 rue Boieldieu;94350;94;VILLIERS-SUR-MARNE;;;;;;;;;;;;;;;;48.8263054,2.5414045
BIBLIOTHÈQUE MUNICIPALE;Place de la Mairie;91840;91;SOISY-SUR-ECOLE;;;;;;;;;;;;;;;;48.4748135,2.4967759
BIBLIOTHÈQUE OUEST DE VINCENNES;27 rue des Laitieres;94300;94;VINCENNES;;;;;;;;;;;;;;;;48.8471783,2.4235162
MÉDIATHÈQUE DE MONDÉTOUR;Maison quartier Pierre Mendès-France - Place Guaydier;91400;91;ORSAY;;;;;;;;;;;;;;;;48.69853,2.188199
BIBLIOTHÈQUE MUNICIPALE;6 route de l'Hirondelle;78490;78;MAREIL-LE-GUYON;;;;;;;;;;;;;;;;48.7897898,1.8475743
BIBLIOTHÈQUE MUNICIPALE;Rue de la Mairie;78125;78;GAZERAN;;;;;;;;;;;;;;;;48.6363135,1.7746942
BIBLIOTHÈQUE DES JEUNES FERNAND DUPUY;Parc de la Mairie;94600;94;CHOISY-LE-ROI;;;;;;;;;;;;;;;;48.7629488,2.4084187
BIBLIOTHÈQUE MUNICIPALE;École primaire Grangeon - 1 route de Labbeville;95810;95;VALLANGOUJARD;;;;;;;;;;;;;;;;49.1370147,2.1144109
MÉDIATHÈQUE CHÂTEAU DES DAMES;Rue du 19 Mars 1962;77820;77;LE-CHÂTELET-EN-BRIE;;;;;;;;;;;;;;;;48.5044134,2.7878871
DISCOTHEQUE MUNICIPALE;134 rue Pierre Sémard;94210;94;LA-VARENNE-SAINT-HILAIRE;;;;;;;;;;;;;;;;48.7622944,2.4754654
BIBLIOTHÈQUE DE LIMEIL-BRÉVANNES;27 quater avenue de la Sablière;94450;94;LIMEIL-BREVANNES;Subvention Région 2013;;;;;;;;;;;;;;900000;48.7541415,2.4931192
BIBLIOTHÈQUE PIERRE BOURDAN;37 avenue de Saint-Germain;78160;78;MARLY-LE-ROI;Subvention Région 2009;;;;;;;;;;198693;;;;;48.8759246,2.0953474
MÉDIATHÈQUE DU GUICHET;4 rue de Versailles - Place Pierre-Gilles de Gennes;91400;91;ORSAY;;;;;;;;;;;;;;;;48.705258,2.190912
BIBLIOTHÈQUE HERGÉ;2-4 rue du Département;75019;75;PARIS;;;;;;;;;;;;;;;;48.8852459,2.3670231
BIBLIOTHÈQUE MUNICIPALE;2 rue d'Andret;78660;78;PRUNAY-EN-YVELINES;;;;;;;;;;;;;;;;48.5278131,1.7947819
BIBLIOTHÈQUE DAMIERS;30 place des Saisons;92400;92;COURBEVOIE;;;;;;;;;;;;;;;;48.8895847,2.2519764
MÉDIATHÈQUE MUNICIPALE JACQUES BAUMEL;15-21 boulevard Foch;92500;92;RUEIL-MALMAISON;;;;;;;;;;;;;;;;48.8777913,2.1797046
BIBLIOTHÈQUE;Ancienne Mairie;91410;91;SAINT-ESCOBILLE;;;;;;;;;;;;;;;;48.429887,1.966988
BIBLIOTHÈQUE MUNICIPALE;Rue de la Ferté-Gaucher;77510;77;BELLOT;;;;;;;;;;;;;;;;48.8456959,3.3255926
BIBLIOTHÈQUE JACQUES PREVERT;6 rue de Schotten;91560;91;CROSNE;Subvention Région 2009;;;;;;;;;;247367;;;;;48.7163714,2.4601788
MÉDIATHÈQUE MUNICIPALE;27 rue de la Poste;91810;91;VERT-LE-GRAND;;;;;;;;;;;;;;;;48.5706857,2.3610209
MÉDIATHÈQUE MAX-POL FOUCHET;7 rue Paul Langevin;93340;93;VILLETANEUSE;;;;;;;;;;;;;;;;48.9515957,2.3411314
BIBLIOTHÈQUE ANTOINE DE SAINT-EXUPÉRY;43 avenue Aristide Briand;91550;91;PARAY-VIEILLE-POSTE;;;;;;;;;;;;;;;;48.7099401,2.3628784
BIBLIOTHÈQUE MUNICIPALE;14 rue de Houdan;78610;78;LE-PERRAY-EN-YVELINES;;;;;;;;;;;;;;;;48.6953964,1.8501487
BIBLIOTHÈQUE DE PETITS-BOIS;6 rue Bernard de Jussieu;78000;78;VERSAILLES;;;;;;;;;;;;;;;;48.8093422,2.156797
MÉDIATHÈQUE MUNICIPALE ÉMILE BERNARD;15 rue de la Concorde;92600;92;ASNIÈRES-SUR-SEINE;;;;;;;;;;;;;;;;48.9117418,2.2912373
MÉDIATHÈQUE JACQUES BREL;136 rue de l'Abbé Glatz;92270;92;BOIS-COLOMBES;;;;;;;;;;;;;;;;48.9233533,2.270074
MÉDIATHÈQUE THÉODORE MONOD;Place François Truffaut;95210;95;SAINT-GRATIEN;;;;;;;;;;;;;;;;48.970259,2.286571
BIBLIOTHÈQUE DU PAYS DE FRANCE;Maison Erik Satie - 2 rue Saint-Damien;95270;95;LUZARCHES;;;;;;;;;;;;;;;;49.112107,2.422295
MÉDIATHÈQUE PABLO NERUDA;24 rue Béranger;92240;92;MALAKOFF;Subvention Région 2007;;;;;;;;486630;;;;;;;48.8208297,2.3011629
BIBLIOTHÈQUE MUNICIPALE;14 rue Principale;77320;77;SAINT-RÉMY-DE-LA-VANNE;;;;;;;;;;;;;;;;48.7336096,3.2733994
BIBLIOTHÈQUE MUNICIPALE;Place de la Mairie;91400;91;GOMETZ-LA-VILLE;;;;;;;;;;;;;;;;48.6713358,2.1252824
BIBLIOTHÈQUE DES TROIS COMMUNES;Place de la Mairie;78113;78;LA-HAUTEVILLE;;;;;;;;;;;;;;;;48.793086,1.839864
MÉDIATHÈQUE MUNICIPALE BORIS VIAN;Place Salvador Allende;95340;95;PERSAN;Subvention Région 2009;;;;;;;;;;91816;;;;;49.0404651,2.1026896
BIBLIOTHÈQUE;65 rue de Melun;77220;77;LIVERDY-EN-BRIE;;;;;;;;;;;;;;;;48.699154,2.7692746
BIBLIOTHÈQUE MÉRIEL;1 place Jean Gabin;95630;95;MÉRIEL;;;;;;;;;;;;;;;;49.1062634,2.2071382
BIBLIOTHÈQUE MUNICIPALE;20 rue Pierre Brossolette;95240;95;CORMEILLES-EN-PARISIS;;;;;;;;;;;;;;;;48.9744527,2.1984633
BIBLIOTHÈQUE MUNICIPALE;2 rue des Écoles;91570;91;BIÈVRES;;;;;;;;;;;;;;;;48.7547015,2.2176803
BIBLIOTHÈQUE MUNICIPALE LAMARTINE (CACHAN);Centre Socio-Culturel Lamartine - 4 square Lamartine;94230;94;CACHAN;;;;;;;;;;;;;;;;48.7878541,2.319937
MÉDIATHÈQUE DU PRIEURÉ;3 rue de la Marne;77700;77;CHESSY;;;;;;;;;;;;;;;;48.8797843,2.7644314
BIBLIOTHÈQUE MUNICIPALE;1 place H. Deutsch de la Meurthe;78920;78;ECQUEVILLY;;;;;;;;;;;;;;;;48.949586,1.923023
MÉDIATHÈQUE VISAGES DU MONDE;Place du Nautilus;95000;95;CERGY;Subvention Région 2011;;;;;;;;;;;;1372000;;;49.0502307,2.0087205
MÉDIATHÈQUE BORIS VIAN;8 rue Pierre Brossolette;93290;93;TREMBLAY-EN-FRANCE;Subvention Région 2007;;;;;;;;564000;;;;;;;48.9497279,2.5731714
BIBLIOTHÈQUE DE L'ORME;207 rue de la Mairie;91690;91;GUILLERVAL;;;;;;;;;;;;;;;;48.3649433,2.1025419
MÉDIATHÈQUE CENTRE SCHWEITZER;Place du 8 Mai 1945 - Centre de services Albert Schweitzer;77190;77;DAMMARIE-LES-LYS;;;;;;;;;;;;;;;;48.521985,2.639316
MÉDIATHÈQUE JEANNE ROLLINCE;Rue de l'Église;77850;77;HÉRICY;;;;;;;;;;;;;;;;48.448546,2.7644529
BIBLIOTHÉQUE MUNICIPALE;14 rue de la Chapelle;91310;91;MONTLHÉRY;;;;;;;;;;;;;;;;48.6392428,2.2719256
BIBLIOTHÈQUE MUNICIPALE;65 Grande Rue;91360;91;EPINAY-SUR-ORGE;;;;;;;;;;;;;;;;48.6767295,2.318899
BIBLIOTHÈQUE MUNICIPALE GEORGES BRASSENS;4 rue du Puits Grès;91790;91;BOISSY-SOUS-SAINT-YON;;;;;;;;;;;;;;;;48.5580642,2.2093364
BIBLIOTHÈQUE GLARNER;43 avenue du Capitaine Glarner;93400;93;SAINT-OUEN;;;;;;;;;;;;;;;;48.9040778,2.3294098
BIBLIOTHÈQUE ÉMILE LITTRÉ;43 rue de la Marne;78600;78;LE-MESNIL-LE-ROI;Subvention Région 2006;;;;;;;165600;;;;;;;;48.9363645,2.1226311
MÉDIATHÈQUE MUNICIPALE JEAN-JACQUES ROUSSEAU;6 place Lénine;94500;94;CHAMPIGNY-SUR-MARNE;;;;;;;;;;;;;;;;48.8120459,2.5098424
BIBLIOTHÈQUE MUNICIPALE;54 rue du Closeau;77760;77;ACHÈRES-LA-FORÊT;;;;;;;;;;;;;;;;48.345867,2.5647564
BIBLIOTHÈQUE MUNICIPALE;17 rue du Général Leclerc;91160;91;BALLAINVILLIERS;;;;;;;;;;;;;;;;48.67278,2.2938843
MÉDIATHÈQUE JULES VALLÈS;75 avenue de la Marne;93800;93;ÉPINAY-SUR-SEINE;;;;;;;;;;;;;;;;48.9559049,2.3263628
MÉDIATHÈQUE JEAN-PIERRE MELVILLE;79 rue Nationale;75013;75;PARIS;;;;;;;;;;;;;;;;48.8269876,2.3664751
BIBLIOTHÈQUE BATIGNOLLES;Mairie - 18 rue des Batignolles;75017;75;PARIS;;;;;;;;;;;;;;;;48.8845351,2.3213757
BIBLIOTHÈQUE DE L'ASTROLABE;Parvis de la Préfecture;95000;95;CERGY;;;;;;;;;;;;;;;;49.035617,2.060325
MEDIATHÈQUE MUNICIPALE GUSTAVE FLAUBERT;Halle Nodet - 5 bis boulevard du Maréchal Leclerc;77130;77;MONTEREAU-FAULT-YONNE;Subvention Région 2008;;;;;;;;;280300;;;;;;48.3799629,2.955117
MÉDIATHÈQUE MUNICIPALE;Place du 14 Juillet 1789;77552;77;MOISSY-CRAMAYEL;;;;;;;;;;;;;;;;48.628158,2.58973
BIBLIOTHÈQUE MUNICIPALE;52 rue de Flagy;77940;77;THOURY-FERROTTES;;;;;;;;;;;;;;;;48.2918812,2.9434423
BIBLIOTHÈQUE JEAN ROSTAND;108 route de Longpont;91700;91;SAINTE-GENEVIÈVE-DES-BOIS;;;;;;;;;;;;;;;;48.6506693,2.3049828
BIBLIOTHÈQUE ANNEXE DE LA ROCHE;Pavillon du parc de la Butte aux Grès;91340;91;OLLAINVILLE;;;;;;;;;;;;;;;;48.6018341,2.2384985
BIBLIOTHÈQUE;269 rue du Général de Gaulle;77390;77;FOUJU;;;;;;;;;;;;;;;;48.5858239,2.777605
BIBLIOTHÈQUE MUNICIPALE;10 rue du Général d'Harville;77510;77;DOUE;;;;;;;;;;;;;;;;48.8669705,3.1635351
MÉDIATHÈQUE MUNICIPALE BORIS VIAN;25 avenue Franklin Roosevelt;94550;94;CHEVILLY-LARUE;Subvention Région 2005;;;;;;658240;;;;;;;;;48.771852,2.359649
MÉDIATHÈQUE MUNICIPALE JEAN MONNET;9 rue Félix Braquet - Centre Charlemagne;92270;92;BOIS-COLOMBES;;;;;;;;;;;;;;;;48.917402,2.269675
BIBLIOTHÈQUE DIDEROT;42 avenue Daumesnil;75012;75;PARIS;;;;;;;;;;;;;;;;48.8459507,2.3775478
MÉDIATHÈQUE MUNICIPALE;2 rue Aristide Briand;77450;77;MONTRY;;;;;;;;;;;;;;;;48.8870865,2.8275391
BIBLIOTHÈQUE MUNICIPALE;15 rue Frédéric Sarrazin;77550;77;RÉAU;;;;;;;;;;;;;;;;48.6098339,2.6235657
BIBLIOTHÈQUE MUNICIPALE;45 Grande Rue;77150;77;FÉROLLES-ATTILLY;;;;;;;;;;;;;;;;48.7323267,2.6288541
BIBLIOTHÈQUE SAINT-ÉLOI;23 rue du Colonel Rozanoff;75012;75;PARIS;;;;;;;;;;;;;;;;48.8456169,2.3871803
BIBLIOTHÈQUE MUNICIPALE;Place de la Mairie;95450;95;ABLEIGES;;;;;;;;;;;;;;;;49.089467,1.9813954
MÉDIATHÈQUE MUNICIPALE L'ILE AUX TRÉSORS;Place des Déportés;77170;77;BRIE-COMTE-ROBERT;;;;;;;;;;;;;;;;48.6900272,2.6088263
BIBLIOTHÈQUE DE L'HEURE JOYEUSE PARIS;6-12 rue des Prêtres Saint-Séverin;75005;75;PARIS;;;;;;;;;;;;;;;;48.8520308,2.3448588
BIBLIOTHÈQUE MOUFFETARD;74-76 rue Mouffetard;75005;75;PARIS;;;;;;;;;;;;;;;;48.8424466,2.3493921
MÉDIATHÈQUE JACQUES BREL;25 rue Joseph Lemarchand;78114;78;MAGNY-LES-HAMEAUX;;;;;;;;;;;;;;;;48.7228173,2.0943942
BIBLIOTHÈQUE LE ROSEAU;18 Grande Rue;78126;78;AULNAY-SUR-MAULDRE;;;;;;;;;;;;;;;;48.9289577,1.843657
MÉDIATHÈQUE MUNICIPALE JACQUES DUHAMEL;Esplanade du 7 Juillet 1899;94420;94;LE-PLESSIS-TREVISE;;;;;;;;;;;;;;;;48.808589,2.573903
MÉDIATHÈQUE GEORGES BRASSENS;65 avenue Marceau;93700;93;DRANCY;Subvention Région 2005;;;;;;1372041;;;;;;;;;48.9294957,2.4333369
MÉDIATHÈQUE MUNICIPALE LE CARRÉ D'ART;2 rue des Bois;91230;91;MONTGERON;Subvention Région 2005;;;;;;651576;;;;;;;;;48.7069881,2.4543385
BIBLIOTHÈQUE MUNICIPALE ANNEXE;Place Pierre Magnon;77120;77;COULOMMIERS;;;;;;;;;;;;;;;;48.8198366,3.0951783
MÉDIATHÈQUE LOUIS ARAGON;2 avenue Rabelais;94120;94;FONTENAY-SOUS-BOIS;;;;;;;;;;;;;;;;48.8508222,2.4760988
MÉDIATHÈQUE MUNICIPALE LA MÉRIDIENNE;800 avenue de l'Europe;77350;77;LE-MEE-SUR-SEINE;;;;;;;;;;;;;;;;48.5447135,2.6327444
BIBLIOTHÈQUE RENÉ CASSIN;8-10 avenue du Consul Général Nordling;93190;93;LIVRY-GARGAN;;;;;;;;;;;;;;;;48.918764,2.5364749
MÉDIATHÈQUE MARGUERITE YOURCENAR;41 rue d'Alleray;75015;75;PARIS;;;;;;;;;;;;;;;;48.8369761,2.3036451
MÉDIATHÈQUE ROBERT DESNOS;Esplanade de l'Europe;95100;95;ARGENTEUIL;;;;;;;;;;;;;;;;48.952671,2.2248257
BIBLIOTHÈQUE MUNICIPALE OCTAVE MIRBEAU;589 rue de la Reine Blanche;78955;78;CARRIERES-SOUS-POISSY;;;;;;;;;;;;;;;;48.9403729,2.0307894
BIBLIOTHÈQUE MUNICIPALE;67 Grande Rue;78240;78;AIGREMONT;;;;;;;;;;;;;;;;48.9017902,2.0187793
MÉDIATHÈQUE MUNICIPALE;98 rue de Fontenay;94300;94;VINCENNES;"Subvention Région 2000 ; Subvention Région 2001 ; Subvention Région 2002";137204;548816;686021;;;;;;;;;;;;48.8485654,2.4391001
BIBLIOTHÈQUE SAINT-LOUIS;50 rue Royale;78000;78;VERSAILLES;;;;;;;;;;;;;;;;48.7966408,2.1256994
BIBLIOTHÈQUE;7 avenue Auguste Duru - Centre culturel;94480;94;ABLON-SUR-SEINE;;;;;;;;;;;;;;;;48.7243442,2.4207124
BIBLIOTHÈQUE LACHESNAYE;12 rue Guichard;95620;95;PARMAIN;;;;;;;;;;;;;;;;49.1142582,2.2082552
MÉDIATHÈQUE EDMOND ROSTAND;11 rue Nicolas Chuquet;75017;75;PARIS;;;;;;;;;;;;;;;;48.8882471,2.3024499
MÉDIATHÈQUE DE L'ÉCONOMIE;29 rue Dominique Roberty;93700;93;DRANCY;;;;;;;;;;;;;;;;48.9344618,2.4529255
BIBLIOTHÈQUE ALBERT CAMUS;6 rue de la Gare;93270;93;SEVRAN;;;;;;;;;;;;;;;;48.935463,2.5331506
MEDIATHEQUE LE PETIT PRINCE;1 boulevard Hardy - Domaine Formige;93370;93;MONTFERMEIL;;;;;;;;;;;;;;;;48.9032663,2.5624676
BIBLIOTHÈQUE MUNICIPALE;Place Brigitte Gros;78250;78;MEULAN;;;;;;;;;;;;;;;;49.0046899,1.910445
MÉDIATHÈQUE MUNICIPALE;2 rue du Chapeau;77990;77;LE-MESNIL-AMELOT;;;;;;;;;;;;;;;;49.0173571,2.5910882
BIBLIOTHÈQUE MUNICIPALE;15 rue Grande;77760;77;AMPONVILLE;;;;;;;;;;;;;;;;48.279197,2.5294204
BIBLIOTHÈQUE MAISON GONTHIER;Place de la Mairie;77540;77;BERNAY-VILBERT;;;;;;;;;;;;;;;;48.6832611,2.9231717
BIBLIOTHÈQUE DE L'HÔTEL DE VILLE;5 rue Lobau;75004;75;PARIS;;;;;;;;;;;;;;;;48.8569399,2.3537344
MÉDIATHÈQUE SIMONE DE BEAUVOIR;45 rue Geneviève Anthonioz de Gaulle;91200;91;ATHIS-MONS;Subvention Région 2008;;;;;;;;;606162;;;;;;48.7119635,2.3941497
MÉDIATHÈQUE MUNICIPALE;7-9 rue des Vallées;92290;92;CHÂTENAY-MALABRY;"Subvention Région 2000 ; Subvention Région 2001";350633;505768;;;;;;;;;;;;;48.764652,2.2799217
BIBLIOTHÈQUE D'ÉMERY;Rue Louise Michel;77184;77;EMERAINVILLE;Subvention Région 2009;;;;;;;;;;564486;;;;;48.8103482,2.6241913
BIBLIOTHÈQUE MUNICIPALE;Place de la Mairie;77520;77;THÉNISY;;;;;;;;;;;;;;;;48.4879537,3.1776806
BIBLIOTHÈQUE MUNICIPALE;Allée du Stade;77135;77;PONTCARRÉ;;;;;;;;;;;;;;;;48.7982415,2.7059419
MÉDIATHÈQUE MUNICIPALE ALBERT CAMUS;6-8 rue Ollivier Beauregard;91380;91;CHILLY-MAZARIN;;;;;;;;;;;;;;;;48.7029041,2.313767
BIBLIOTHÈQUE;13 rue de la Mairie;91630;91;AVRAINVILLE;;;;;;;;;;;;;;;;48.5629301,2.246478
BIBLIOTHÈQUE MÉDIATHÈQUE LOUIS PERGAUD;1 rue Louis Frébault;94110;94;ARCUEIL;;;;;;;;;;;;;;;;48.8050083,2.3348081
BIBLIOTHÈQUE ANDRÉ MALRAUX;3 mail Rodin;94500;94;CHAMPIGNY-SUR-MARNE;;;;;;;;;;;;;;;;48.8045722,2.5485205
BIBLIOTHÈQUE GEORGES PEREC;20 bis avenue Jean Jaurès;93220;93;GAGNY;;;;;;;;;;;;;;;;48.8836,2.5296819
BIBLIOTHÈQUE MUNICIPALE;4 place de Bendern;78170;78;LA-CELLE-SAINT-CLOUD;;;;;;;;;;;;;;;;48.8407912,2.124073
BIBLIOTHÈQUE MUNICIPALE;Place de la Mairie;78270;78;JEUFOSSE;;;;;;;;;;;;;;;;49.0374652,1.5282151
MÉDIATHÈQUE MUNICIPALE BLAISE CENDRARS;34 avenue du Maréchal Foch;78700;78;CONFLANS-SAINTE-HONORINE;;;;;;;;;;;;;;;;48.9986875,2.0986375
MÉDIATHÈQUE MUNICIPALE JULES VERNE;28 rue des Tournanfis;94360;94;BRY-SUR-MARNE;;;;;;;;;;;;;;;;48.840194,2.5313558
BIBLIOTHÈQUE DU VAL DES QUATRE PIGNONS;Rue du Commerce;78650;78;BEYNES;;;;;;;;;;;;;;;;48.8570732,1.9044027
BIBLIOTHÈQUE MONTESQUIEU;13 avenue Jean Mermoz;91170;91;VIRY-CHÂTILLON;;;;;;;;;;;;;;;;48.6577619,2.3689593
BIBLIOTHÈQUE MONT VALÉRIEN;Place du 8 Mai 1945;92500;92;RUEIL-MALMAISON;;;;;;;;;;;;;;;;48.8713959,2.2033858
LUDO-BIBLIOTHÈQUE JEAN-MARIE VIJOUX;Place Louis Jean Finot;95580;95;ANDILLY;;;;;;;;;;;;;;;;49.004902,2.298976
MÉDIATHÈQUE GEORGE SAND;1 rue du Chenil;77183;77;CROISSY-BEAUBOURG;;;;;;;;;;;;;;;;48.8266053,2.6462329
BIBLIOTHÈQUE MUNICIPALE ALAIN PEYREFITTE;23 rue des Marais;77160;77;PROVINS;;;;;;;;;;;;;;;;48.5581431,3.2988977
BIBLIOTHÈQUE MUNICIPALE;Place du Général Leclerc;77930;77;CHAILLY-EN-BIÈRE;;;;;;;;;;;;;;;;48.465838,2.607519
BIBLIOTHÈQUE L'AUBIMONTHÈQUE;Place de l'Église;77950;77;MONTEREAU-SUR-LE JARD;;;;;;;;;;;;;;;;48.6267616,2.6641744
BIBLIOTHÈQUE GOUTTE D'OR;2-4 rue Fleury;75018;75;PARIS;;;;;;;;;;;;;;;;48.8846117,2.3541143
BIBLIOTHÈQUE MUNICIPALE;65 rue Cornudet;95000;95;NEUVILLE-SUR-OISE;;;;;;;;;;;;;;;;49.0136177,2.0626101
BIBLIOTHÈQUE MUNICIPALE;19 rue Grande;77210;77;SAMOREAU;;;;;;;;;;;;;;;;48.4232154,2.7539704
BIBLIOTHÈQUE MUNICIPALE;Rue de l'École;77950;77;MOISENAY;;;;;;;;;;;;;;;;48.5624051,2.7346551
BIBLIOTHÈQUE MUNICIPALE;5 place Auguste Trézy;77164;77;FERRIÈRES-EN-BRIE;;;;;;;;;;;;;;;;48.8214443,2.7039855
MÉDIATHÈQUE MUNICIPALE VICTOR HUGO;1 rue de la Plaine;91350;91;GRIGNY;Subvention Région 2008;;;;;;;;;401952;;;;;;48.6291579,2.3359754
MÉDIATHÈQUE DANIELLE BIANU;2 rue Marc Sangnier;91330;91;YERRES;;;;;;;;;;;;;;;;48.7147175,2.4896665
BIBLIOTHÈQUE EMILE RICHEBOURG;29 rue du Général Leclerc;78380;78;BOUGIVAL;;;;;;;;;;;;;;;;48.8655269,2.1389816
MÉDIATHÈQUE MUNICIPALE DE LA TREMBLAY;12 rue du Parc;78390;78;BOIS-D'ARCY;;;;;;;;;;;;;;;;48.7998977,2.0236847
MÉDIATHÈQUE MUNICIPALE;Rue Maurice Berteaux;94370;94;SUCY-EN-BRIE;;;;;;;;;;;;;;;;48.7731998,2.5180101
BIBLIOTHÈQUE MUNICIPALE;3 avenue de Liège;94160;94;SAINT-MANDE;;;;;;;;;;;;;;;;48.8435261,2.418948
MÉDIATHÈQUE JACQUES PREVERT;10 rue des Rios;91700;91;VILLIERS-SUR-ORGE;Subvention Région 2012;;;;;;;;;;;;;154800;;48.6552471,2.300598
BIBLIOTHÈQUE MUNICIPALE;Mairie - 2 rue des Plantes;78550;78;GRESSEY;;;;;;;;;;;;;;;;48.83096,1.608632
BIBLIOTHÈQUE ANNEXE ADULTES;"Bâtiment ""Les Marronniers"" - La Verboise - 29 rue du 19 Janvier";92380;92;GARCHES;;;;;;;;;;;;;;;;48.850005,2.1976737
BIBLIOTHÈQUE;74 avenue du Général Leclerc;78220;78;VIROFLAY;Subvention Région 2003;;;;1039499;;;;;;;;;;;48.8046359,2.1766372
BIBLIOTHÈQUE MUNICIPALE DES DAMES GILLES;Boulevard de l'Oise;95490;95;VAURÉAL;;;;;;;;;;;;;;;;49.0309857,2.0217646
BIBLIOTHÈQUE MUNICIPALE;23 rue de la Marèche;95180;95;MENUCOURT;;;;;;;;;;;;;;;;49.0258108,1.9814014
MÉDIATHÈQUE MUNICIPALE GEORGE SAND;5-7 rue de Mora;95880;95;ENGHIEN-LES-BAINS;;;;;;;;;;;;;;;;48.9699054,2.3076794
MÉDIATHÈQUE DE COULANGES - PIERRE RAIN;4 rue Saint-Nicolas;95500;95;GONESSE;"Subvention Région 2002 ; Subvention Région 2003";;;846009;222870;;;;;;;;;;;48.9851916,2.4471637
BIBLIOTHÈQUE MUNICIPALE;3 bis rue Saint-Maurice;78890;78;GARANCIERES;;;;;;;;;;;;;;;;48.821006,1.753745
MÉDIATHÈQUE MUNICIPALE;1 place du Fer-à-cheval;94310;94;ORLY;;;;;;;;;;;;;;;;48.745193,2.401373
BIBLIOTHÈQUE MUNICIPALE CAVANNA;36 boulevard Galliéni;94130;94;NOGENT-SUR-MARNE;;;;;;;;;;;;;;;;48.8406473,2.4845951
MÉDIATHÈQUE MUSICALE;8 rue des Anciennes Mairies;92000;92;NANTERRE;;;;;;;;;;;;;;;;48.8910926,2.1977976
BIBLIOTHÈQUE GEORGE SAND;Quartier du Bel Air - 44 rue de l'Aurore;78100;78;SAINT-GERMAIN-EN-LAYE;;;;;;;;;;;;;;;;48.8940585,2.0701769
BIBLIOTHÈQUE MUNICIPALE;2 rue des Carrières;95420;95;GENAINVILLE;;;;;;;;;;;;;;;;49.1291842,1.7556995
BIBLIOTHÈQUE BILLANCOURT;11 bis rue de Clamart;92100;92;BOULOGNE-BILLANCOURT;;;;;;;;;;;;;;;;48.8306175,2.2434152
BIBLIOTHÈQUE HONORÉ DE BALZAC;13 rue d'Holbach;91700;91;SAINTE-GENEVIÈVE-DES-BOIS;;;;;;;;;;;;;;;;48.6408182,2.3480993
BIBLIOTHÈQUE MUNICIPALE;11 rue du Château;77310;77;BOISSISE-LE-ROI;;;;;;;;;;;;;;;;48.5283935,2.5729072
BIBLIOTHÈQUE MUNICIPALE;Place Gabriel Péri;95260;95;BEAUMONT-SUR-OISE;;;;;;;;;;;;;;;;49.1428176,2.2862725
BIBLIOTHÈQUE JULES VERNE;Rue Rossini;91860;91;EPINAY-SOUS-SÉNART;;;;;;;;;;;;;;;;48.6969392,2.5215891
BIBLIOTHÈQUE COLETTE VIVIER;6 rue Fourneyron;75017;75;PARIS;;;;;;;;;;;;;;;;48.8897634,2.3196494
BIBLIOTHÈQUE MUNICIPALE GERMAINE TILLON;23 avenue Henri Martin;94100;94;SAINT-MAUR-DES-FOSSÉS;;;;;;;;;;;;;;;;48.7994237,2.4883913
MÉDIATHÈQUE MUNICIPALE;70 bis avenue Ledru Rollin;94170;94;LE-PERREUX-SUR-MARNE;;;;;;;;;;;;;;;;48.84224,2.5024942
MÉDIATHÈQUE MUNICIPALE;3 rue de la division du Général Leclerc;94250;94;GENTILLY;"Subvention Région 2002 ; Subvention Région 2005";;;590226;;;253527;;;;;;;;;48.8139278,2.3475749
BIBLIOTHÈQUE MUNICIPALE LA COURÉE;20 rue de Melun;77090;77;COLLÉGIEN;;;;;;;;;;;;;;;;48.8379399,2.6697002
BIBLIOTHÈQUE MUNICIPALE;Rue Michel Servet;77460;77;SOUPPES-SUR-LOING;;;;;;;;;;;;;;;;48.1827169,2.731892
BIBLIOTHÈQUE MUNICIPALE;Rue Victor Hugo;77670;77;SAINT-MAMMES;;;;;;;;;;;;;;;;48.385649,2.8128669
BIBLIOTHÈQUE MUNICIPALE LE MANOIR;17 rue des Tilleuls;77130;77;SAINT-GERMAIN-LAVAL;;;;;;;;;;;;;;;;48.4027576,2.9838812
BIBLIOTHÈQUE MUNICIPALE;12 rue Saint-Denis;77410;77;GRESSY;;;;;;;;;;;;;;;;48.964524,2.6760078
MÉDIATHÈQUE JULES MICHELET;11 rue Jules Michelet;92701;92;COLOMBES;;;;;;;;;;;;;;;;48.9317781,2.266822
BIBLIOTHÈQUE VANDAMME;80 avenue du Maine;75014;75;PARIS;;;;;;;;;;;;;;;;48.8385575,2.3222612
BIBLIOTHÈQUE MUNICIPALE;Mairie de Gambais - Place Charles de Gaulle;78950;78;GAMBAIS;;;;;;;;;;;;;;;;48.7735196,1.6747719
MÉDIATHÈQUE MUNICIPALE DU FORUM;Place du Forum - Quartier de la Haie Griselle;94470;94;BOISSY-SAINT-LEGER;;;;;;;;;;;;;;;;48.7544029,2.5060809
BIBLIOTHÈQUE LA SARIGUE;5 rue Gautherin;78120;78;RAMBOUILLET;;;;;;;;;;;;;;;;48.646402,1.8225216
BIBLIMESLY;4 place de l'Abbaye;94000;94;CRETEIL;;;;;;;;;;;;;;;;48.7780507,2.4703176
MÉDIATHÈQUE MUNICIPALE LE MARQUE P@GE;5-7 rue Victor Hugo;91290;91;LA-NORVILLE;;;;;;;;;;;;;;;;48.5822448,2.2599749
BIBLIOTHÈQUE MUNICIPALE;20-22 rue de Chateaudun;92250;92;LA-GARENNE-COLOMBES;Subvention Région 2008;;;;;;;;;1244954;;;;;;48.9099465,2.2451819
MÉDIATHÈQUE DE LA MAISON DE L'ENFANCE;56 rue Anatole France;93120;93;LA-COURNEUVE;;;;;;;;;;;;;;;;48.9221189,2.4053181
BIBLIOTHÈQUE MUNICIPALE;Chemin de la Butte;78640;78;SAINT-GERMAIN-DE-LA-GRANGE;;;;;;;;;;;;;;;;48.8247835,1.9032264
BIBLIOTHÈQUE MUNICIPALE ALBERT CAMUS;1 bis rue Victorien Sardou;78210;78;SAINT-CYR-L'ECOLE;;;;;;;;;;;;;;;;48.8009733,2.0639188
BIBLIOTHÈQUE MUNICIPALE;24 rue Quincampoix;78580;78;MAULE;;;;;;;;;;;;;;;;48.9087361,1.8493962
BIBLIOTHÈQUE MUNICIPALE;Place de la Mairie;78200;78;JOUY-MAUVOISIN;;;;;;;;;;;;;;;;48.9746373,1.6493558
BIBLIOTHÈQUE MUNICIPALE;Place de la Mairie;78770;78;ANDELU;;;;;;;;;;;;;;;;48.8792052,1.8233567
MÉDIATHÈQUE ARTHUR RIMBAUD;2 place des Baconnets;92160;92;ANTONY;Subvention Région 2008;;;;;;;;;340800;;;;;;48.7407759,2.2979811
BIBLIOTHÈQUE MUNICIPALE;5 rue d'Auxy;77133;77;FÉRICY;;;;;;;;;;;;;;;;48.4591309,2.8016617
BIBLIOTHÈQUE MUNICIPALE;Place Paul Vaillant-Couturier;94460;94;VALENTON;;;;;;;;;;;;;;;;48.745682,2.4693102
BIBLIOTHÈQUE AIMÉ CÉSAIRE;5 rue de Ridder;75014;75;PARIS;;;;;;;;;;;;;;;;48.8312172,2.3117055
MEDIATHÈQUE LE PHARE;Place de Bretagne;78310;78;MAUREPAS;;;;;;;;;;;;;;;;48.7645231,1.9345371
BIBLIOTHÈQUE MUNICIPALE LA ROSERAIE;8 avenue du Président Wilson;78520;78;LIMAY;;;;;;;;;;;;;;;;48.9838543,1.7472273
BIBLIOTHÈQUE MUNICIPALE;Place du 18 Juin 1940;78810;78;FEUCHEROLLES;;;;;;;;;;;;;;;;48.8763854,1.9772671
MÉDIATHÈQUE DES 7 MARES;Centre des 7 Mares;78990;78;ÉLANCOURT;;;;;;;;;;;;;;;;48.782907,1.960077
BIBLIOTHÈQUE MUNICIPALE;1 rue du Gué;78440;78;DROCOURT;;;;;;;;;;;;;;;;49.0568349,1.7703616
BIBLIOTHÈQUE MUNICIPALE;6 rue de l'Église;95640;95;SANTEUIL;;;;;;;;;;;;;;;;49.1254789,1.9509836
MÉDIATHÈQUE MUNICIPALE ELSA TRIOLET ET ARAGON;12 boulevard Léon Feix - Parc de la Mairie;95100;95;ARGENTEUIL;;;;;;;;;;;;;;;;48.9472096,2.2466847
BIBLIOTHÈQUE MUNICIPALE;1 place La Fayette;77730;77;NANTEUIL-SUR-MARNE;;;;;;;;;;;;;;;;48.978049,3.221091
BIBLIOTHÈQUE MUNICIPALE;6 rue de Courtry;77181;77;LE-PIN;;;;;;;;;;;;;;;;48.9150908,2.6298041
BIBLIOTHÈQUE MUNICIPALE;Rue des Ormeaux;77181;77;COURTRY;;;;;;;;;;;;;;;;48.9128819,2.5973382
MÉDIATHÈQUE MUNICIPALE;Espace « La Parenthèse » - Rue du village;91630;91;CHEPTAINVILLE;;;;;;;;;;;;;;;;48.5514009,2.2675171
MÉDIATHÈQUE JEAN-PIERRE VERNANT;9 place des Martyrs de Châteaubriant;77500;77;CHELLES;Subvention Région 2009;;;;;;;;;;1372041;;;;;48.877595,2.5955323
BIBLIOTHÈQUE VICTOR HUGO;5 place des écoles;95680;95;MONTLIGNON;;;;;;;;;;;;;;;;49.0095672,2.2824002
MÉDIATHÈQUE LOUIS ARAGON;2 avenue Gabriel Péri;92223;92;BAGNEUX;;;;;;;;;;;;;;;;48.788772,2.2938435
BIBLIOTHÈQUE MUNICIPALE;Allée des Renardeaux - Hameau de la Cerisaie;95350;95;SAINT-BRICE-SOUS-FORÊT;;;;;;;;;;;;;;;;48.999429,2.356007
BIBLIOTHÈQUE MUNICIPALE ÉCLAT DE LIRE;Grande Rue;78250;78;TESSANCOURT-SUR-AUBETTE;;;;;;;;;;;;;;;;49.0234657,1.9182147
MÉDIATHÈQUE MUNICIPALE ANNE FONTAINE;20 rue Maurice Labrousse;92160;92;ANTONY;;;;;;;;;;;;;;;;48.7546658,2.2973471
MÉDIATHÈQUE;9 place des Fusillés;78500;78;SARTROUVILLE;;;;;;;;;;;;;;;;48.937297,2.1590997
MÉDIATHÈQUE MUNICIPALE LA COUPOLE;Rue Jean-François Millet;77385;77;COMBS-LA-VILLE;;;;;;;;;;;;;;;;48.659706,2.566171
BIBLIOTHÈQUE ALSID D'ORDIGNY;40 Grande Rue;91150;91;ORMOY-LA-RIVIERE;;;;;;;;;;;;;;;;48.4047057,2.1494628
BIBLIOTHÈQUE MUNICIPALE;6 rue de Villarceau;77150;77;LÉSIGNY;;;;;;;;;;;;;;;;48.7444229,2.6160655
MÉDIATHÈQUE PIERRE SEGHERS;6 rue Ambroise Croizat;91430;91;IGNY;;;;;;;;;;;;;;;;48.7404646,2.2265095
MÉDIATHÈQUE PIERRE THIRIOT;Rue Saint-Clair;77340;77;PONTAULT-COMBAULT;Subvention Région 2007;;;;;;;;75600;;;;;;;48.7826431,2.5985922
BIBLIOTHÈQUE MORTIER;109 boulevard Mortier;75020;75;PARIS;;;;;;;;;;;;;;;;48.8714785,2.4086485
BIBLIOTHÈQUE-DISCOTHÈQUE SHEILA CHOISNE;18 rue du 11 Novembre;78690;78;LES-ESSARTS-LE-ROI;;;;;;;;;;;;;;;;48.7175621,1.8945836
BIBLIOTHÈQUE MUNICIPALE;Place des Bains Douches;77130;77;DORMELLES;;;;;;;;;;;;;;;;48.315339,2.903332
BIBLIOTHÈQUE DU POINT DU JOUR;128 rue les Enfants du Paradis;92100;92;BOULOGNE-BILLANCOURT;;;;;;;;;;;;;;;;48.8331219,2.2568148
MÉDIATHÈQUE MUNICIPALE GEORGE SAND;1 rue du Châtelet;77240;77;CESSON;;;;;;;;;;;;;;;;48.5656053,2.6036541
BIBLIOTHÈQUE MUNICIPALE;5 Grande rue de Couture;77134;77;LES-ORMES-SUR-VOULZIE;;;;;;;;;;;;;;;;48.4593719,3.2099464
BIBLIOTHÈQUE;Mairie - 12 rue A. Champagne;91150;91;CHALOU-MOULINEUX;;;;;;;;;;;;;;;;48.383727,2.022571
MÉDIATHÈQUE DU BOURGET - LE POINT D'INTERROGATION;1 allée André Cadot;93350;93;LE-BOURGET;Subvention Région 2012;;;;;;;;;;;;;294850;;48.934003,2.426329
MÉDIATHÈQUE ALEXANDRE JARDIN;107 rue Émile Zola;92600;92;ASNIÈRES-SUR-SEINE;Subvention Région 2004;;;;;335796;;;;;;;;;;48.926547,2.2782701
MÉDIATHÈQUE LOUIS ARAGON;Le Château;91390;91;MORSANG-SUR-ORGE;Subvention Région 2005;;;;;;378186;;;;;;;;;48.6646111,2.3529459
MÉDIATHÈQUE JULES VERNE;4 rue Marcellin Berthelot;92800;92;PUTEAUX;;;;;;;;;;;;;;;;48.8883543,2.2319682
MÉDIATHÈQUE MUNICIPALE LANDOWSKI;28 avenue André Morizet;92100;92;BOULOGNE-BILLANCOURT;;;;;;;;;;;;;;;;48.8358758,2.2394242
BIBLIOTHÈQUE DE L'ORANGERIE;Allée du Verger;95700;95;ROISSY-EN-FRANCE;;;;;;;;;;;;;;;;49.0049766,2.5209212
MÉDIATHÈQUE MUNICIPALE PIERRE SEGHERS;Place Marguerite Yourcenar;91280;91;SAINT-PIERRE-DU-PERRAY;;;;;;;;;;;;;;;;48.613767,2.5052083
BIBLIOTHÈQUE INTERCOMMUNALE GEORGES BRASSENS;28-30 rue Louis Eterlet;77500;77;CHELLES;;;;;;;;;;;;;;;;48.8788761,2.589741
BIBLIOTHÈQUE INTERCOMMUNALE ANNEXE JEAN JAURÈS;4 rue Léon Blum;95400;95;VILLIERS-LE-BEL;;;;;;;;;;;;;;;;49.003917,2.4126353
BIBLIOTHÈQUE-DISCOTHÈQUE CENTRALE;11 rue Camille Desmoulins (adresse postale 26 avenue Louis Georgeon);94230;94;CACHAN;;;;;;;;;;;;;;;;48.7935439,2.3345333
BIBLIOTHÈQUE DU JARDIN PARISIEN;Maison de quartier du Jardin parisien - 20 rue du Parc;92140;92;CLAMART;;;;;;;;;;;;;;;;48.7919268,2.2608445
BIBLIOTHÈQUE MUNICIPALE;125 rue du Vieux Puits;78520;78;SAINT-MARTIN-LA-GARENNE;;;;;;;;;;;;;;;;49.0405257,1.6886811
MÉDIATHÈQUE DU CENTRE-VILLE;4 rue Jules Ferry;93120;93;LA-COURNEUVE;;;;;;;;;;;;;;;;48.9263906,2.392826
BIBLIOTHÈQUE POINT DU JOUR;Passage de l'éveil;95000;95;CERGY;;;;;;;;;;;;;;;;49.0509458,2.0140466
BIBLIOTHÈQUE GEORGES DUHAMEL;44 avenue de Paris;95290;95;L'ISLE-ADAM;;;;;;;;;;;;;;;;49.1102392,2.224826
BIBLIOTHÈQUE ANDRÉ MALRAUX;28 rue Lucette Mazalaigue;92237;92;GENNEVILLIERS;;;;;;;;;;;;;;;;48.9332743,2.2869452
BIBLIOTHÈQUE;Rue Lamartine;77390;77;VERNEUIL-L'ÉTANG;;;;;;;;;;;;;;;;48.6424105,2.8338203
BIBLIOTHÈQUE MUNICIPALE GEORGES BRASSENS;24 rue de la Libération;91770;91;SAINT-VRAIN;;;;;;;;;;;;;;;;48.5419418,2.3303135
MÉDIATHÈQUE MUNICIPALE;94 rue des Maraîchers;91140;91;VILLEBON-SUR-YVETTE;;;;;;;;;;;;;;;;48.699651,2.2428622
MÉDIATHÈQUE LOUIS ARAGON;4 place du Colonel Fabien;93240;93;STAINS;;;;;;;;;;;;;;;;48.9565263,2.3816397
BIBLIOTHÈQUE LANCRY;11 rue de Lancry;75010;75;PARIS;;;;;;;;;;;;;;;;48.869387,2.360108
BIBLIOTHÈQUE MUNICIPALE;Place Parion-Nicolle;78840;78;MOISSON;;;;;;;;;;;;;;;;49.072863,1.669154
BIBLIOTHÈQUE MUNICIPALE JEAN RACINE;Place du Général de Gaulle;78460;78;CHEVREUSE;;;;;;;;;;;;;;;;48.7558048,2.0708917
BIBLIOTHÈQUE MUNICIPALE;16 avenue des Tilleuls;78550;78;BAZAINVILLE;;;;;;;;;;;;;;;;48.8050354,1.6716962
BIBLIOTHÈQUE MUNICIPALE GABRIEL BOURDIN;26 rue Maurice Ténine;94260;94;FRESNES;;;;;;;;;;;;;;;;48.7538444,2.3235816
MÉDIATHÈQUE MUNICIPALE GÉRARD DE NERVAL;Maison Des Arts - Allée des Écoles;91430;91;VAUHALLAN;;;;;;;;;;;;;;;;48.7333632,2.2076377
MÉDIATHÈQUE ROBERT CALMÉJANE;118 Grande Rue;93250;93;VILLEMOMBLE;;;;;;;;;;;;;;;;48.8827003,2.516171
BIBLIOTHÈQUE ELSA TRIOLET;102 avenue Jean Lolive;93500;93;PANTIN;;;;;;;;;;;;;;;;48.8921621,2.4084036
BIBLIOTHÈQUE DE LA MOSAIQUE;98 avenue François Mitterand;78370;78;PLAISIR;;;;;;;;;;;;;;;;48.8203058,1.9527505
BIBLIOTHÈQUE DU CENTRE (MAISONS-ALFORT);34 rue du Professeur Cadiot;94704;94;MAISONS-ALFORT;;;;;;;;;;;;;;;;48.8030006,2.4333234
MÉDIATHÈQUE ANATOLE FRANCE;29 rue Anatole France;78190;78;TRAPPES;;;;;;;;;;;;;;;;48.7819832,1.9826433
MÉDIATHÈQUE DE L'EUROPE;6 avenue du Général de Gaulle;77600;77;BUSSY-SAINT-GEORGES;Subvention Région 2003;;;;388165;;;;;;;;;;;48.8368113,2.7075129
BIBLIOTHÈQUE MUNICIPALE;8 rue des Écoles;77950;77;VOISENON;;;;;;;;;;;;;;;;48.5711094,2.6648867
BIBLIOTHÈQUE MUNICIPALE;Centre Culturel Eugène Massillon - Avenue Charles de Gaulle;91830;91;LE-COUDRAY-MONTCEAUX;;;;;;;;;;;;;;;;48.5654121,2.4862266
BIBLIOTHÈQUE MUNICIPALE;5 rue Beauregard;77171;77;CHALAUTRE-LA-GRANDE;;;;;;;;;;;;;;;;48.5420107,3.459737
MÉDIATHÈQUE ALBERT-CAMUS;Parc Henri Fabre - Rue du village;91000;91;EVRY;Subvention Région 2008;;;;;;;;;904520;;;;;;48.630741,2.4459921
MÉDIATHÈQUE GASTON ROULAUD;Cité Gaston Roulaud - 118 rue Roger Salengro;93700;93;DRANCY;;;;;;;;;;;;;;;;48.91628,2.435475
BIBLIOTHÈQUE MUNICIPALE;Mairie - Place Jean Moulin;95380;95;PUISEUX-EN-FRANCE;;;;;;;;;;;;;;;;49.057229,2.5010469
BIBLIOTHÈQUE MUNICIPALE;13 allée des Blés;78117;78;TOUSSUS-LE-NOBLE;;;;;;;;;;;;;;;;48.7464199,2.1134447
BIBLIOTHÈQUE MUNICIPALE;1 route de Bray;77480;77;MONTIGNY-LE-GUESDIER;;;;;;;;;;;;;;;;48.3837252,3.254086
MÉDIATHÈQUE DE LA COLOMBE;Place de la Mairie;91190;91;SAINT-AUBIN;;;;;;;;;;;;;;;;48.715242,2.140645
BIBLIOTHÈQUE MUNICIPALE;Maison des activités culturelles - 8 chemin de Belle Épine;91620;91;NOZAY;;;;;;;;;;;;;;;;48.657023,2.241167
BIBLIOTHÈQUE SORBIER;17 rue Sorbier;75020;75;PARIS;;;;;;;;;;;;;;;;48.8659674,2.3928486
BIBLIOTHÈQUE NOTRE-DAME;7 rue Sainte-Sophie;78000;78;VERSAILLES;;;;;;;;;;;;;;;;48.8106374,2.1325252
BIBLIOTHÈQUE MUNICIPALE;Allée du Château;77166;77;ÉVRY-GRÉGY-SUR-YERRES;;;;;;;;;;;;;;;;48.6532452,2.631936
BIBLIOTHÈQUE PABLO NERUDA;32 rue Pierre et Marie Curie;93170;93;BAGNOLET;;;;;;;;;;;;;;;;48.8702961,2.4238318
BIBLIOTHÈQUE PLACE DES FÊTES;18 rue Jansen;75019;75;PARIS;;;;;;;;;;;;;;;;48.8793927,2.397528
MÉDIATHÈQUE MUNICIPALE FLORIAN;5 rue Gautherin;78120;78;RAMBOUILLET;;;;;;;;;;;;;;;;48.646402,1.8225216
BIBLIOTHÈQUE MUNICIPALE;5 rue de Montfort;78490;78;GALLUIS;;;;;;;;;;;;;;;;48.7962249,1.7960933
BIBLIOTHÈQUE MUNICIPALE;Mairie - 149 rue de Guette;78830;78;BULLION;;;;;;;;;;;;;;;;48.6208599,1.9988894
MÉDIATHÈQUE MUNICIPALE MAX-POL FOUCHET;2 rue Lasègue;92320;92;CHATILLON;Subvention Région 2012;;;;;;;;;;;;;70150;;48.8008305,2.2866072
MÉDIATHÈQUE GÉRARD-PHILIPE;54 boulevard du Château;94500;94;CHAMPIGNY-SUR-MARNE;;;;;;;;;;;;;;;;48.8109039,2.5455937
BIBLIOTHÈQUE FRANÇOIS MAURIAC;Cour du Donjon;91700;91;SAINTE-GENEVIÈVE-DES-BOIS;;;;;;;;;;;;;;;;48.6395087,2.3318979
BIBLIOTHÈQUE MUNICIPALE;Rue de l'Église;77115;77;SIVRY-COURTRY;;;;;;;;;;;;;;;;48.526792,2.7543
BIBLIOTHÈQUE MUNICIPALE;21 bis rue Grande;77130;77;LA-GRANDE-PAROISSE;;;;;;;;;;;;;;;;48.386049,2.900241
BIBLIOTHÈQUE MUNICIPALE;Avenue Georges Pompidou;77120;77;COULOMMIERS;;;;;;;;;;;;;;;;48.813071,3.083497
BIBLIOTHÈQUE MARGUERITE YOURCENAR;Place Nelson Mandela;93270;93;SEVRAN;;;;;;;;;;;;;;;;48.9505448,2.5689053
MÉDIATHÈQUE SAINT-JUST;36 avenue Louis Bordes;93240;93;STAINS;;;;;;;;;;;;;;;;48.9552964,2.3849367
MÉDIATHÈQUE PÔLE DE MEUDON;2 rue de l'Église;92190;92;MEUDON;;;;;;;;;;;;;;;;48.8075017,2.2368693
BIBLIOTHÈQUE MUNICIPALE;Centre commercial - Rue des Clottins;95560;95;MONTSOULT;;;;;;;;;;;;;;;;49.070261,2.322438
BIBLIOTHÈQUE MUNICIPALE;39 Grande Rue;95450;95;AVERNES;;;;;;;;;;;;;;;;49.0868316,1.8728886
BIBLIOTHÈQUE MUNICIPALE;Salle Georges Lugan - Mairie;77190;77;VILLIERS-EN-BIERE;;;;;;;;;;;;;;;;48.496528,2.604438
MÉDIATHÈQUE MUNICIPALE;Espace culturel Jean-Jacques Robert - Parc de Villeroy;91540;91;MENNECY;;;;;;;;;;;;;;;;48.5658291,2.4232512
MÉDIATHÈQUE MUNICIPALE;8 rue des Papineaux;91410;91;LES-GRANGES-LE-ROI;;;;;;;;;;;;;;;;48.503453,2.019845
BIBLIOTHÈQUE MUNICIPALE;39 rue des Fossés;77620;77;EGREVILLE;;;;;;;;;;;;;;;;48.1753344,2.8731916
MÉDIATHÈQUE HENRI MICHAUX;27 bis rue Lopez et Jules Martin;93300;93;AUBERVILLIERS;;;;;;;;;;;;;;;;48.9140326,2.3986541
BIBLIOTHÈQUE PAUL ÉLUARD;10 rue Valette;93100;93;MONTREUIL;;;;;;;;;;;;;;;;48.854729,2.4213237
BIBLIOTHÈQUE COLONEL FABIEN;118 avenue du Colonel Fabien;93100;93;MONTREUIL;;;;;;;;;;;;;;;;48.8773952,2.4553539
BIBLIOTHÈQUE MARGUERITE AUDOUX;10 rue Portefoin;75003;75;PARIS;;;;;;;;;;;;;;;;48.8636243,2.3601464
BIBLIOTHÈQUE MUNICIPALE ANNEXE GEORGE SAND;3 place Marc Sangnier;95500;95;GONESSE;;;;;;;;;;;;;;;;48.9352428,2.5167038
BIBLIOTHÈQUE MUNICIPALE JEAN-LOUIS BARRAULT;9 rue de la Liberté;91710;91;VERT-LE-PETIT;;;;;;;;;;;;;;;;48.5516822,2.3652286
MÉDIATHÈQUE ROGER GOUHIER;3 rue Jean Jaurès;93134;93;NOISY-LE-SEC;;;;;;;;;;;;;;;;48.8906493,2.4530192
BIBLIOTHÈQUE DENIS DIDEROT;23 rue Roger Salengro;93140;93;BONDY;;;;;;;;;;;;;;;;48.9018593,2.4795086
BIBLIOTHÈQUE;1 avenue de la Division Leclerc;78410;78;AUBERGENVILLE;;;;;;;;;;;;;;;;48.9589606,1.8551532
BIBLIOTHÈQUE DE QUARTIER DU CHAPERON VERT;Place Marcel Cachin;94250;94;GENTILLY;;;;;;;;;;;;;;;;48.8138999,2.344688
BIBLIOTHÈQUE MUNICIPALE DES JEUNES;12 rue Pasteur;95350;95;SAINT-BRICE-SOUS-FORÊT;;;;;;;;;;;;;;;;48.9989633,2.3592227
BIBLIOTHÈQUE MUNICIPALE AIMÉ CÉSAIRE;8 rue du Marché;95160;95;MONTMORENCY;;;;;;;;;;;;;;;;48.9881743,2.3187749
MÉDIATHÈQUE ALBERT CAMUS;29 rue de l'Europe;92300;92;LEVALLOIS-PERRET;;;;;;;;;;;;;;;;48.8774969,2.3135408
BIBLIOTHÈQUE MUNICIPALE;Hôtel de Ville;77124;77;PENCHARD;;;;;;;;;;;;;;;;48.9583445,2.8771355
MÉDIATHÈQUE LES LAVANDIÈRES;Ruelle du Clos;91310;91;LEUVILLE-SUR-ORGE;;;;;;;;;;;;;;;;48.6162181,2.2644844
BIBLIOTHÈQUE MUNICIPALE;7 rue du Château;77400;77;DAMPMART;;;;;;;;;;;;;;;;48.8854894,2.7362607
BIBLIOTHÈQUE MUNICIPALE;Espace Georges Pompidou - Rue de Montry;77450;77;CONDÉ-SAINTE-LIBIAIRE;;;;;;;;;;;;;;;;48.896854,2.828969
BIBLIOTHÈQUE MUNICIPALE;9 rue Dîmeresse;77160;77;CHENOISE;;;;;;;;;;;;;;;;48.6152311,3.1925139
BIBLIOTHÈQUE;6 rue Jean Delsol;77173;77;CHEVRY-COSSIGNY;;;;;;;;;;;;;;;;48.7254073,2.6576876
MÉDIATHÈQUE MUNICIPALE;7 rue de Saint-Mard;77230;77;JUILLY;;;;;;;;;;;;;;;;49.0165649,2.7049839
BIBLIOTHÈQUE MUNICIPALE;Rue des Lombards;77970;77;JOUY-LE-CHÂTEL;;;;;;;;;;;;;;;;48.665751,3.1282902
BIBLIOTHÈQUE-DISCOTHÈQUE MUNICIPALE;3 avenue de Villiers;91210;91;DRAVEIL;;;;;;;;;;;;;;;;48.682206,2.405748
BIBLIOTHÈQUE MUNICIPALE DE VILLECRESNES;75 rue du Lieutenant Dagorno;94440;94;VILLECRESNES;;;;;;;;;;;;;;;;48.7202579,2.5338266
MÉDIATHÈQUE HÉLÈNE BERR;70 rue de Picpus;75012;75;PARIS;;;;;;;;;;;;;;;;48.8424676,2.3972824
BIBLIOTHÈQUE MUNICIPALE JACQUES PRÉVERT;3 allée Henri Langlois;78340;78;LES-CLAYES-SOUS-BOIS;;;;;;;;;;;;;;;;48.8188111,1.987022
BIBLIOTHÈQUE MUNICIPALE;Mairie;78580;78;LES-ALLUETS-LE-ROI;;;;;;;;;;;;;;;;48.9139372,1.9185317
BIBLIOTHÈQUE ÉMILE ZOLA;Rue de l'Église;78270;78;BENNECOURT;;;;;;;;;;;;;;;;49.0399905,1.5663498
MÉDIATHÈQUE;1 rue Marceau;93170;93;BAGNOLET;Subvention Région 2000;323725;;;;;;;;;;;;;;48.868101,2.4172715
MÉDIATHÈQUE COLETTE;49 rue de Paris;93800;93;ÉPINAY-SUR-SEINE;Subvention Région 2008;;;;;;;;;1372041;;;;;;48.9534344,2.3113148
BIBLIOTHÈQUE GLACIÈRE;132 rue de la Glacière;75013;75;PARIS;;;;;;;;;;;;;;;;48.8267296,2.3419274
MÉDIATHÈQUE;1 rue Antoine Pinay;94490;94;ORMESSON-SUR-MARNE;Subvention Région 2004;;;;;420862;;;;;;;;;;48.7872977,2.5454301
BIBLIOTHÈQUE FESSART;6 rue Fessart;75019;75;PARIS;;;;;;;;;;;;;;;;48.8762884,2.3881565
BIBLIOTHÈQUE MUNICIPALE;Centre culturel L. Jouvet - 45 rue G. Herrewyn;78270;78;BONNIÈRES-SUR-SEINE;;;;;;;;;;;;;;;;49.037452,1.578521
MÉDIATHÈQUE ELSA TRIOLET;1 ter rue Merchin;93450;93;L'ILE-SAINT-DENIS;Subvention Région 2010;;;;;;;;;;;602045;;;;48.9354998,2.3405498
MÉDIATHÈQUE;Espace Jules Verne - Rue Henri Douard;91220;91;BRÉTIGNY-SUR-ORGE;Subvention Région 2013;;;;;;;;;;;;;;595560;48.6109653,2.3128866
MÉDIATHÈQUE DES CHARTREUX;2 rue du Clos Munier;92130;92;ISSY-LES-MOULINEAUX;Subvention Région 2008;;;;;;;;;404078;;;;;;48.8229028,2.2542967
BIBLIOTHÈQUE LOUIS ARAGON;Place Léon Blum;92290;92;CHÂTENAY-MALABRY;;;;;;;;;;;;;;;;48.7627069,2.2605477
MÉDIATHÈQUE MUNICIPALE;25 rue du Château;77000;77;MELUN;;;;;;;;;;;;;;;;48.536917,2.6551109
BIBLIOTHÈQUE MUNICIPALE;11 rue des Roches;77760;77;BUTHIERS;;;;;;;;;;;;;;;;48.2876909,2.4304633
BIBLIOTHÈQUE MUNICIPALE;24 rue de la Mairie;91140;91;VILLEJUST;;;;;;;;;;;;;;;;48.681882,2.2365034
MÉDIATHÈQUE PAUL ÉLUARD;3 rue Gaétan Lamy;93300;93;AUBERVILLIERS;;;;;;;;;;;;;;;;48.916111,2.3697021
BIBLIOTHÈQUE SAINT-SIMON;Mairie - 116 rue de Grenelle;75007;75;PARIS;;;;;;;;;;;;;;;;48.8568231,2.3202105
MÉDIATHÈQUE LA PASSERELLE;41 rue Nationale;78710;78;ROSNY-SUR-SEINE;;;;;;;;;;;;;;;;49.0001315,1.6352931
MÉDIATHÈQUE JEAN ROUSSELOT;12 place Pierre Bérégovoy;78280;78;GUYANCOURT;;;;;;;;;;;;;;;;48.7678334,2.077314
BIBLIOTHÈQUE MUNICIPALE;Rue de la Croix de l'Orme;78630;78;BURES-MORAINVILLIERS;;;;;;;;;;;;;;;;48.9395089,1.9559042
BIBLIOTHÈQUE RAYMOND QUENEAU;3 rue Piver;91260;91;JUVISY-SUR-ORGE;;;;;;;;;;;;;;;;48.6905616,2.3744871
BIBLIOTHÈQUE LA FRÉGATE;3-5 allée Rodin;92400;92;COURBEVOIE;;;;;;;;;;;;;;;;48.8994121,2.2395593
BIBLIOTHÈQUE MÉDIATHÈQUE ANTOINE DE SAINT-EXUPÉRY;66 avenue Jean Jaurès;95330;95;DOMONT;;;;;;;;;;;;;;;;49.0318751,2.3372175
BIBLIOTHÈQUE MUNICIPALE;1 rue Jean-Baptiste Clément;95570;95;BOUFFÉMONT;;;;;;;;;;;;;;;;49.0424862,2.3186658
MÉDIATHÈQUE JACQUES PRÉVERT;6 passage Prévert;92700;92;COLOMBES;;;;;;;;;;;;;;;;48.9223248,2.2517222
BIBLIOTHÈQUE MUNICIPALE;Jardin de la Mairie;77320;77;LA-FERTÉ-GAUCHER;;;;;;;;;;;;;;;;48.781325,3.305565
MÉDIATHÈQUE CHRISTINE DE PIZAN;31 avenue Maurice Berteaux;78300;78;POISSY;Subvention Région 2005;;;;;;786550;;;;;;;;;48.9320465,2.0406023
BIBLIOTHÈQUE MUNICIPALE GEORGES POMPIDOU;Rond-point des Écoliers;78860;78;SAINT-NOM-LA-BRETÈCHE;;;;;;;;;;;;;;;;48.860548,2.022386
BIBLIOTHÈQUE MUNICIPALE ANDRÉ MALRAUX;79 avenue de Fontainebleau;77310;77;SAINT-FARGEAU-PONTHIERRY;;;;;;;;;;;;;;;;48.5306029,2.5427112
MÉDIATHÈQUE SERGE REGGIANI;4 rue du Bon Noyer;91640;91;FONTENAY-LES-BRIIS;;;;;;;;;;;;;;;;48.6197592,2.1564552
BIBLIOTHÈQUE MUNICIPALE;15 rue de l'Église;77720;77;BOMBON;;;;;;;;;;;;;;;;48.5748519,2.8592382
BIBLIOTHÈQUE DES COUTURES;37 rue Jules Ferry;93170;93;BAGNOLET;;;;;;;;;;;;;;;;48.8578487,2.4174062
BIBLIOTHÈQUE RAINER MARIA RILKE (PORT-ROYAL);88 ter boulevard du Port-Royal;75005;75;PARIS;;;;;;;;;;;;;;;;48.8392082,2.3391601
BIBLIOTHÈQUE LOUIS ARAGON;12 boulevard de la République;78360;78;MONTESSON;;;;;;;;;;;;;;;;48.9074455,2.1475686
BIBLIOTHÈQUE CHÂTEAU D'EAU;Mairie - 72 rue du Faubourg-Saint-Martin;75010;75;PARIS;;;;;;;;;;;;;;;;48.8715624,2.3577497
BIBLIOTHÈQUE MUNICIPALE;15 place Edmond de Rothschild;77220;77;TOURNAN-EN-BRIE;;;;;;;;;;;;;;;;48.741039,2.7634187
BIBLIOTHÈQUE ANNEXE GÉRARD-PHILIPE;118 rue Youri Gagarine;94800;94;VILLEJUIF;;;;;;;;;;;;;;;;48.7822498,2.3566011
BIBLIOTHÈQUE DE L'HORLOGE;Place des Ouvrages;95000;95;CERGY;Subvention Région 2012;;;;;;;;;;;;;378867;;49.035617,2.060325
BIBLIOTHÈQUE MUNICIPALE;4 rue de la Mairie;78610;78;SAINT-LÉGER-EN-YVELINES;;;;;;;;;;;;;;;;48.7217112,1.765006
BIBLIOTHÈQUE MUNICIPALE;Route des Ponts;78125;78;RAIZEUX;;;;;;;;;;;;;;;;48.6239485,1.6812196
BIBLIOTHÈQUE;8 boulevard de la République;95640;95;MARINES;;;;;;;;;;;;;;;;49.1423816,1.981303
MÉDIATHÈQUE MUNICIPALE FRANÇOIS MITTERRAND;107 avenue de la République;77340;77;PONTAULT-COMBAULT;;;;;;;;;;;;;;;;48.800584,2.6076932
BIBLIOTHÈQUE MUNICIPALE;Rue du Bourget;77165;77;SAINT-SOUPPLETS;;;;;;;;;;;;;;;;49.037622,2.80472
MÉDIATHÈQUE ALBERT CAMUS;12 rue Saint-Jean de Beauregard;91940;91;GOMETZ-LE-CHÂTEL;;;;;;;;;;;;;;;;48.6742573,2.1422
BIBLIOTHÈQUE CLAUDE LÉVI-STRAUSS (FLANDRE);41 avenue de Flandre;75019;75;PARIS;;;;;;;;;;;;;;;;48.8867191,2.3713428
BIBLIOTHÈQUE MUNICIPALE;33 rue de la Sauvagerie - Centre socioculturel Antoine de Saint-Exupéry;77130;77;VARENNES-SUR-SEINE;;;;;;;;;;;;;;;;48.373668,2.928812
MÉDIATHÈQUE J. DUCLOS;16 avenue Gabriel Péri;93380;93;PIERREFITTE-SUR-SEINE;;;;;;;;;;;;;;;;48.9633203,2.3567598
BIBLIOTHÈQUE MUNICIPALE RENÉ FALLET;10 allée Mozart - Val-Saint-Georges;94190;94;VILLENEUVE-SAINT-GEORGES;;;;;;;;;;;;;;;;48.7305769,2.447488
BIBLIOTHÈQUE ALEXANDRA DAVID-NEEL;57 bis rue d'Ermont;95390;95;SAINT-PRIX;"Subvention Région 2009 ; Subvention Région 2012";;;;;;;;;;368520;;;293102;;49.005759,2.2617165
BIBLIOTHÈQUE EUROPE;Mairie - 3 rue de Lisbonne;75008;75;PARIS;;;;;;;;;;;;;;;;48.856614,2.3522219
BIBLIOTHÈQUE INTERCOMMUNALE ELSA TRIOLET;Rue François Chalgrin;95140;95;GARGES-LÈS-GONESSE;;;;;;;;;;;;;;;;48.9710548,2.4015181
MÉDIATHÈQUE JACQUES BREL;Cour du Donjon;91700;91;SAINTE-GENEVIÈVE-DES-BOIS;;;;;;;;;;;;;;;;48.6395087,2.3318979
BIBLIOTHÈQUE MUNICIPALE BORIS VIAN;156 rue du Président François Mitterrand - Parc Nativelle;91160;91;LONGJUMEAU;;;;;;;;;;;;;;;;48.6930642,2.2947615
BIBLIOTHÈQUE MUNICIPALE LE COLOMBIER;1 rue du Château;91470;91;ANGERVILLIERS;;;;;;;;;;;;;;;;48.5916927,2.064568
BIBLIOTHÈQUE ELSA TRIOLET;9 place Elsa Triolet;93270;93;SEVRAN;;;;;;;;;;;;;;;;48.9437231,2.5490882
CENTRE RESSOURCE LECTURE ALADIN;2 rue Henri Barbusse;93200;93;SAINT-DENIS;;;;;;;;;;;;;;;;48.9374269,2.3723197
BIBLIOTHÈQUE MUNICIPALE;Place Georges Pompidou;78910;78;ORVILLIERS;;;;;;;;;;;;;;;;48.8589849,1.641174
BIBLIOTHÈQUE MUNICIPALE;Place de la Mairie;78124;78;MONTAINVILLE;;;;;;;;;;;;;;;;48.909119,1.8491831
BIBLIOTHÈQUE LES VIGNES BLANCHES;33-35 rue des Vignes Blanches;78420;78;CARRIÈRES-SUR-SEINE;;;;;;;;;;;;;;;;48.9109239,2.175305
BIBLIOTHÈQUE MUNICIPALE;Mairie;78930;78;BREUIL-BOIS-ROBERT;;;;;;;;;;;;;;;;48.9455822,1.7120208
BIBLIOTHÈQUE MUNICIPALE;50 rue de la Liberté;95470;95;SURVILLIERS;;;;;;;;;;;;;;;;49.1012505,2.5438183
BIBLIOTHÈQUE MUNICIPALE;17 résidence Delapierre;78480;78;VERNEUIL-SUR-SEINE;;;;;;;;;;;;;;;;48.9790343,1.9766538
BIBLIOTHÈQUE-MÉDIATHÈQUE MUNICIPALE;8 rue de Ville-d'Avray;92310;92;SÈVRES;;;;;;;;;;;;;;;;48.8241796,2.2082076
BIBLIOTHÈQUE MUNICIPALE;15 place de l'Église;77130;77;VILLE-SAINT-JACQUES;;;;;;;;;;;;;;;;48.3120897,2.922743
BIBLIOTHÈQUE MUNICIPALE;18 rue du Grand Veneur;91450;91;SOISY-SUR-SEINE;;;;;;;;;;;;;;;;48.6474789,2.4534684
BIBLIOTHÈQUE MUNICIPALE;21 rue Antonio Vivaldi - Espace Signoret-Montand;77124;77;CREGY-LES-MEAUX;;;;;;;;;;;;;;;;48.977929,2.872952
MÉDIATHÈQUE;9 place de la Ferme;91640;91;BRIIS-SOUS-FORGES;;;;;;;;;;;;;;;;48.6233923,2.1255271
BIBLIOTHÈQUE MUNICIPALE JEAN DE LA FONTAINE;Place Victor Droulot;95260;95;MOURS;;;;;;;;;;;;;;;;49.133183,2.270137
BIBLIOTHÈQUE MUNICIPALE;Ferme du Plessis-Saucourt - 32 route De Lieusaint;91250;91;TIGERY;;;;;;;;;;;;;;;;48.639077,2.5109366
BIBLIOTHÈQUE DU PRESBYTÈRE;Place de l'Église;91410;91;LA-FORET-LE-ROI;;;;;;;;;;;;;;;;48.4793327,2.0433528
BIBLIOTHÈQUE JACQUES PERRY;5 rue du Bordeau;77165;77;IVERNY;;;;;;;;;;;;;;;;48.9993027,2.7875725
BIBLIOTHÈQUE AIMÉ CÉSAIRE;Butte Saint-Pierre;77520;77;DONNEMARIE-DONTILLY;;;;;;;;;;;;;;;;48.4779709,3.123497
BIBLIOTHÈQUE LOUIS ARAGON;20 mail Jean-Pierre Timbaud - Centre Jean Vilar;93110;93;ROSNY-SOUS-BOIS;;;;;;;;;;;;;;;;48.875661,2.485932
BIBLIOTHÈQUE INTERCOMMUNALE DE L'ÉTAMPOIS;3 rue au Comte;91150;91;MORIGNY-CHAMPIGNY;;;;;;;;;;;;;;;;48.4465593,2.182005
BIBLIOTHÈQUE MUNICIPALE;3 place Nickenich;78490;78;MONTFORT-L'AMAURY;;;;;;;;;;;;;;;;48.7743417,1.8160432
BIBLIOTHÈQUE MUNICIPALE;18 rue de Verdun;78670;78;MÉDAN;;;;;;;;;;;;;;;;48.9529955,1.9959388
BIBLIOTHÈQUE MUNICIPALE ENFANTS;9 rue des Suisses;92380;92;GARCHES;;;;;;;;;;;;;;;;48.8546433,2.1978274
PALAIS DE LA MÉDIATHÈQUE;122 rue de la République;92800;92;PUTEAUX;;;;;;;;;;;;;;;;48.8845487,2.2377789
BIBLIOTHÈQUE LOUISE MICHEL;29-35 rue des Haies;75020;75;PARIS;;;;;;;;;;;;;;;;48.8533894,2.4010919
BIBLIOTHÈQUE NELSON MANDELA DE VITRY-SUR-SEINE;26-34 avenue Maximilien Robespierre;94400;94;VITRY-SUR-SEINE;;;;;;;;;;;;;;;;48.789655,2.388636
BIBLIOTHÈQUE MUNICIPALE;1 route de Houdan;78550;78;RICHEBOURG;;;;;;;;;;;;;;;;48.8221176,1.6365322
BIBLIOTHÈQUE MUNICIPALE LECONTE DE LISLE;30 rue du Général Leclerc;78430;78;LOUVECIENNES;;;;;;;;;;;;;;;;48.8612073,2.1157641
BIBLIOTHÈQUE DISCOTHÈQUE HALTE CULTURELLE;5 rue Jean Jaurès;92800;92;PUTEAUX;;;;;;;;;;;;;;;;48.8853092,2.2502381
BIBLIOTHÈQUE AMÉLIE;164 rue de Grenelle;75007;75;PARIS;;;;;;;;;;;;;;;;48.8583041,2.3088678
"BIBLIOTHÈQUE ""LES PASSERELLES""";Mail Auguste Rodin;95120;95;ERMONT;;;;;;;;;;;;;;;;48.9814494,2.2439247
MÉDIATHÈQUE MUNICIPALE;94 avenue des Bruzacques;95280;95;JOUY-LE-MOUTIER;;;;;;;;;;;;;;;;49.0115872,2.0436084
BIBLIOTHÈQUE MUNICIPALE;Rue des Acacias;77123;77;LE-VAUDOUÉ;;;;;;;;;;;;;;;;48.3565562,2.5183095
BIBLIOTHÈQUE DES NAVIGATEURS DE CHOISY-LE-ROI;Maison pour tous - 30 avenue de Newburn;94600;94;CHOISY-LE-ROI;;;;;;;;;;;;;;;;48.7551092,2.4114353
BIBLIOTHÈQUE ANNEXE DE LA RUE DES REMISES;27 rue des remises;94100;94;SAINT-MAUR-DES-FOSSÉS;;;;;;;;;;;;;;;;48.8056398,2.4727923
MÉDIATHÈQUE DU TEMPS LIBRE;30-34 rue George Sand;93240;93;STAINS;;;;;;;;;;;;;;;;48.9506855,2.3750365
BIBLIOTHÈQUE INTERCOMMUNALE ULYSSE;6-8 rue Jean Étienne Guettard;91150;91;ETAMPES;;;;;;;;;;;;;;;;48.4438548,2.1667468
BIBLIOTHÈQUE ANNEXE DU TAILLIS;Rue Henriette;91330;91;YERRES;;;;;;;;;;;;;;;;48.6985337,2.4772518
BIBLIOTHÈQUE MUNICIPALE;1 Grande Rue;78113;78;ADAINVILLE;;;;;;;;;;;;;;;;48.7226354,1.6529941
BIBLIOTHÈQUE MUNICIPALE VICTOR HUGO;Moulin des Muses - 28 rue de la gare;91650;91;BREUILLET;Subvention Région 2006;;;;;;;300000;;;;;;;;48.5641728,2.1721168
BIBLIOTHÈQUE MUNICIPALE;Place Pierre Salvi;95270;95;VIARMES;;;;;;;;;;;;;;;;49.125967,2.369166
ANNEXE DU LONDEAU;10 rue Paul Verlaine;93134;93;NOISY-LE-SEC;;;;;;;;;;;;;;;;48.8863855,2.4684109
BIBLIOTHÈQUE MUNICIPALE;Rue du Menhir - Salle polyvalente;77630;77;SAINT-MARTIN-EN-BIERE;;;;;;;;;;;;;;;;48.437126,2.567121
BIBLIOTHÈQUE MUNICIPALE;58 rue de Meaux;77450;77;ISLES-LÈS-VILLENOY;;;;;;;;;;;;;;;;48.9113571,2.8268176
BIBLIOTHÈQUE MUNICIPALE;Place de la Mairie;77580;77;GUÉRARD;;;;;;;;;;;;;;;;48.8244296,2.9582748
BIBLIOTHÈQUE;17 rue Hutinel;77220;77;GRETZ-ARMAINVILLIERS;;;;;;;;;;;;;;;;48.740261,2.7354598
BIBLIOTHÈQUE MUNICIPALE JACQUES PRÉVERT;2 rue de la Ferme;78200;78;MAGNANVILLE;;;;;;;;;;;;;;;;48.9673453,1.6815666
BIBLIOTHÈQUE JULES VERNE;8 rue du Limousin;93600;93;AULNAY-SOUS-BOIS;;;;;;;;;;;;;;;;48.9434077,2.4822969
BIBLIOTHÈQUE VALEYRE;24 rue Rochechouart;75009;75;PARIS;;;;;;;;;;;;;;;;48.8777045,2.3454446
BIBLIOTHÈQUE ANNEXE DE LA POTINÈRE;137 rue d'Estienne d'Orves;91370;91;VERRIERES-LE-BUISSON;;;;;;;;;;;;;;;;48.7404241,2.2569482
BIBLIOTHÈQUE MUNICIPALE;6 Place Samois;77250;77;MORET-SUR-LOING;;;;;;;;;;;;;;;;48.3736169,2.8149509
BIBLIOTHÈQUE MUNICIPALE;Avenue du Général de Gaulle;77720;77;LA-CHAPELLE-GAUTHIER;;;;;;;;;;;;;;;;48.5501747,2.9008729
MÉDIATHÈQUE FLORA TRISTAN;2 rue des Anciennes Mairies;92000;92;NANTERRE;;;;;;;;;;;;;;;;48.8906924,2.1979303
BIBLIOTHÈQUE MUNICIPALE KELLER;8 rue Madame;95550;95;BESSANCOURT;;;;;;;;;;;;;;;;49.0396994,2.216171
BIBLIOTHÈQUE MUNICIPALE ANDRÉ MALRAUX;21 rue du Four Gaudon;95440;95;ÉCOUEN;;;;;;;;;;;;;;;;49.0227542,2.3800347
BIBLIOTHÈQUE MUNICIPALE BORIS VIAN;Place Charles de Gaulle;92410;92;VILLE-D'AVRAY;;;;;;;;;;;;;;;;48.8264962,2.1892559
BIBLIOTHÈQUE-DISCOTHÈQUE FRANÇOIS RABELAIS;177 avenue Gabriel Péri;92237;92;GENNEVILLIERS;;;;;;;;;;;;;;;;48.9258469,2.2943438
BIBLIOTHÈQUE-DISCOTHÈQUE MUNICIPALE;7 rue Le Bouvier;92340;92;BOURG-LA-REINE;;;;;;;;;;;;;;;;48.7776652,2.3173776
BIBLIOTHÈQUE CRIMÉE;42-44 rue Petit;75019;75;PARIS;;;;;;;;;;;;;;;;48.8849202,2.3830642
MÉDIATHÈQUE DU RÛ DE NESLES;15 avenue des Pyramides;77420;77;CHAMPS-SUR-MARNE;;;;;;;;;;;;;;;;48.8527019,2.5851191
BIBLIOTHÈQUE MUNICIPALE;Place Cicerie;91530;91;SAINT-CHERON;;;;;;;;;;;;;;;;48.551204,2.128082
MÉDIATHÈQUE MUNICIPALE LE PETIT PRINCE;7 chemin du Breuil;91480;91;VARENNES-JARCY;;;;;;;;;;;;;;;;48.6769683,2.5585469
BIBLIOTHÈQUE ÉMILE AILLAUD;60 avenue Édouard Vaillant;93000;93;BOBIGNY;;;;;;;;;;;;;;;;48.9095932,2.4677052
BIBLIOTHÈQUE MUNICIPALE ANATOLE FRANCE;51 rue du Général de Gaulle;94290;94;VILLENEUVE-LE-ROI;;;;;;;;;;;;;;;;48.7350824,2.4222467
BIBLIOTHÈQUE-MÉDIATHÈQUE MUNICIPALE;152 avenue Danielle Casanova;94200;94;IVRY-SUR-SEINE;;;;;;;;;;;;;;;;48.8128522,2.3853711
MÉDIATHÈQUE LOUIS ARAGON (78);Centre culturel Le Chaplin - Place Mendès France;78201;78;MANTES-LA-JOLIE;;;;;;;;;;;;;;;;48.989323,1.714958
BIBLIOTHÈQUE RENÉ COTY;120 rue Roger François;94704;94;MAISONS-ALFORT;;;;;;;;;;;;;;;;48.8104502,2.4448118
MÉDIATHÈQUE;Centre culturel Joseph Kessel - 251 boulevard Ballenger;93420;93;VILLEPINTE;Subvention Région 2005;;;;;;696536;;;;;;;;;48.960226,2.542867
BIBLIOTHÈQUE MUNICIPALE GEORGE SAND;10 rue du Four à Chaux;95420;95;MAGNY-EN-VEXIN;;;;;;;;;;;;;;;;49.1515551,1.7831187
BIBLIOTHÈQUE BUFFON;15 bis rue Buffon;75005;75;PARIS;;;;;;;;;;;;;;;;48.8426634,2.3617956
BIBLIOTHÈQUE D'ÉTUDE ET D'INFORMATION (BEI);Parvis de la Préfecture;95000;95;CERGY;;;;;;;;;;;;;;;;49.035617,2.060325
MÉDIATHÈQUE MUNICIPALE;10 rue Ferdinand Jacob;95650;95;BOISSY-L'AILLERIE;;;;;;;;;;;;;;;;49.0772918,2.0312061
BIBLIOTHÈQUE MUNICIPALE DE LA DEMI-LUNE;1 rue de l'Enfer;91250;91;SAINTRY-SUR-SEINE;;;;;;;;;;;;;;;;48.5958424,2.4927125
MÉDIATHÈQUE ELSA TRIOLET;59 rue André Malraux;91700;91;FLEURY-MÉROGIS;Subvention Région 2012;;;;;;;;;;;;;102840;;48.637647,2.3636479
BIBLIOTHÈQUE ELSA TRIOLET;4 rue de l'Union - Square Dashiell Hamett;93000;93;BOBIGNY;;;;;;;;;;;;;;;;48.908612,2.439712
MÉDIATHÈQUE LE KIOSQUE;Place du 8 mai 1945;77177;77;BROU-SUR-CHANTEREINE;;;;;;;;;;;;;;;;48.8812415,2.6234914
MÉDIATHÈQUE FRANÇOIS MITTÉRAND;Rue d'Auvergne;92140;92;CLAMART;"Subvention Région 2003 ; Subvention Région 2005";;;;voir La Buanderie;;;;;;;;;;;48.7826869,2.240019
MÉDIATHÈQUE DE L'AVENIR;Place de l'Amitié;93700;93;DRANCY;;;;;;;;;;;;;;;;48.921005,2.420932
BIBLIOTHÈQUE MUNICIPALE;7 rue Honoré de Balzac;92330;92;SCEAUX;;;;;;;;;;;;;;;;48.7785436,2.2923364
BIBLIOTHÈQUE MUNICIPALE;28 avenue Marcel Perrin;95540;95;MÉRY-SUR-OISE;;;;;;;;;;;;;;;;49.0636196,2.1862439
MÉDIATHÈQUE JACQUES SOUSTELLE;7-9 rue du Nouveau Bercy;94220;94;CHARENTON-LE-PONT;;;;;;;;;;;;;;;;48.824001,2.397521
BIBLIOTHÈQUE MUNICIPALE;55 rue Haute;91850;91;BOURAY-SUR-JUINE;;;;;;;;;;;;;;;;48.5189521,2.2953404
MÉDIATHÈQUE EIFFEL;115 rue Jean Jaurès;92300;92;LEVALLOIS-PERRET;Subvention Région 2009;;;;;;;;;;1058000;;;;;48.8957739,2.297066
BIBLIOTHÈQUE SAINT-EXUPÉRY;212 avenue du 8 Mai 1945;93330;93;NEUILLY-SUR-MARNE;;;;;;;;;;;;;;;;48.8652711,2.5347314
BIBLIOTHÈQUE MUNICIPALE;La Croisée - 93 rue de la Gare;78630;78;ORGEVAL;;;;;;;;;;;;;;;;48.9182866,1.9747642
MÉDIATHÈQUE GEORGES POMPIDOU;6 avenue des Diablots;95320;95;SAINT-LEU-LA-FORET;Subvention Région 2009;;;;;;;;;;675283;;;;;49.0102454,2.2385931
BIBLIOTHÈQUE PARCHAMP;4 bis avenue Charles de Gaulle;92104;92;BOULOGNE-BILLANCOURT;;;;;;;;;;;;;;;;48.8464249,2.237161
MÉDIATHÈQUE PIERRE ET MARIE CURIE;5 place de l'Hôtel de Ville;92000;92;NANTERRE;;;;;;;;;;;;;;;;48.8921019,2.2060182
BIBLIOTHÈQUE MUNICIPALE;Place de la République;95710;95;BRAY-ET-LÛ;;;;;;;;;;;;;;;;49.139487,1.661194
BIBLIOTHÈQUE L'HEURE BLEUE;Côte Guépin;78790;78;SEPTEUIL;;;;;;;;;;;;;;;;48.8928347,1.6773994
BIBLIOTHÈQUE ANDRÉ MALRAUX;112 rue de Rennes;75006;75;PARIS;;;;;;;;;;;;;;;;48.8479847,2.3272464
BIBLIOTHÈQUE ANTOINE DE SAINT-EXUPÉRY;5 rue de Combs la Ville;91480;91;QUINCY-SOUS-SÉNART;;;;;;;;;;;;;;;;48.6713397,2.5401213
BIBLIOTHÈQUE MUNICIPALE JEAN FARGES;3 Grande Rue;91630;91;MAROLLES-EN-HUREPOIX;;;;;;;;;;;;;;;;48.5609105,2.3026934
MEDIATHÈQUE ULYSSE;Cours du Rû-de-Montfort;93200;93;SAINT-DENIS;Subvention Région 2008;;;;;;;;;520630;;;;;;48.927905,2.368102
BIBLIOTHÈQUE ROMAIN ROLLAND;Rue Albert Giry - Quartier Marcel Cachin;93230;93;ROMAINVILLE;Subvention Région 2006;;;;;;;1142316;;;;;;;;48.886112,2.435048
BIBLIOTHÈQUE MAURICE GENEVOIX;19 rue Tristan Tzara;75018;75;PARIS;;;;;;;;;;;;;;;;48.8949895,2.3637924
BIBLIOTHÈQUE MUNICIPALE;Mairie - Rue d'Adhémar;78740;78;ÉVECQUEMONT;;;;;;;;;;;;;;;;49.0138082,1.9446278
BIBLIOTHÈQUE MUNICIPALE;1 rue de la Brèche;78680;78;ÉPONE;;;;;;;;;;;;;;;;48.9569349,1.8117749
BIBLIOTHÈQUE MUNICIPALE LE KIOSQUE;Rue de la Poste;78440;78;BRUEIL-EN-VEXIN;;;;;;;;;;;;;;;;49.0320545,1.8193313
BIBLIOTHÈQUE FRANÇOIS VILLON;81 boulevard de la Villette;75010;75;PARIS;;;;;;;;;;;;;;;;48.8771491,2.3707509
BIBLIOTHÈQUE MUNICIPALE ANDRÉ MALRAUX;13 rue d'Antony;91370;91;VERRIERES-LE-BUISSON;;;;;;;;;;;;;;;;48.7487062,2.2690949
MÉDIATHÈQUE MUNICIPALE ÉMILE BERGERAT;5 villa Émile Bergerat;92200;92;NEUILLY-SUR-SEINE;;;;;;;;;;;;;;;;48.8819538,2.2735612
BIBLIOTHÈQUE MUNICIPALE;Place du 8 Mai 1945;95500;95;LE-THILLAY;;;;;;;;;;;;;;;;49.0021643,2.4730423
BIBLIOTHÈQUE MUNICIPALE;29 rue de Pontoise;95220;95;HERBLAY;;;;;;;;;;;;;;;;48.9931865,2.1669752
BIBLIOTHÈQUE MUNICIPALE;42 rue André Thome;78120;78;SONCHAMP;;;;;;;;;;;;;;;;48.5763324,1.8765606
MÉDIATHÈQUE MUNICIPALE LA GRANGE;53 ter Grande Rue;91490;91;MOIGNY-SUR-ECOLE;;;;;;;;;;;;;;;;48.4336281,2.4567832
BIBLIOTHÈQUE MUSCILLA;5 rue Moutier;95570;95;MOISSELLES;;;;;;;;;;;;;;;;49.0479488,2.3369817
BIBLIOTHÈQUE MUNICIPALE DE L'ARCATURE;3 rue des Ormessons;77000;77;VAUX-LE-PÉNIL;;;;;;;;;;;;;;;;48.5264808,2.6807066
BIBLIOTHÈQUE HÉLÈNE OUDOUX;13 allée Albert Thomas;91300;91;MASSY;Subvention Région 2006;;;;;;;568717;;;;;;;;48.7363247,2.2612059
BIBLIOTHÈQUE MUNICIPALE ANTOINE DE SAINT-EXUPÉRY;40 boulevard Noël Marc;78570;78;ANDRÉSY;;;;;;;;;;;;;;;;48.9785864,2.0578255
MÉDIATHÈQUE PÔLE DE MEUDON-LA-FORÊT;Place centrale - avenue du Général de Gaulle;92190;92;MEUDON;;;;;;;;;;;;;;;;48.940012,2.5707959
BIBLIOTHÈQUE MUNICIPALE EUGÈNE FLACHAT;6 avenue de la Paix;78230;78;LE-PECQ;;;;;;;;;;;;;;;;48.8965797,2.1113489
BIBLIOTHÈQUE DROUOT;11 rue Drouot;75009;75;PARIS;;;;;;;;;;;;;;;;48.8734566,2.3404298
BIBLIOTHÈQUE CHARLOTTE DELBO;2 passage des Petits Pères;75002;75;PARIS;;;;;;;;;;;;;;;;48.8664578,2.3405837
BIBLIOTHÈQUE MUNICIPALE;26 rue de Lormoy;91310;91;LONGPONT-SUR-ORGE;;;;;;;;;;;;;;;;48.6410217,2.2909744
BIBLIOTHÈQUE GÉRARD MONBILLIARD;Place du Colombier - Allée Jean de la Fontaine;77144;77;CHALIFERT;;;;;;;;;;;;;;;;48.888098,2.77263
BIBLIOTHÈQUE DE QUARTIER BONIN D'ORLY;1 rue Louis Bonin;94310;94;ORLY;;;;;;;;;;;;;;;;48.7431509,2.3957665
BIBLIOTHÈQUE ELSA TRIOLET;Rue Saturne;93600;93;AULNAY-SOUS-BOIS;;;;;;;;;;;;;;;;48.956693,2.5002779
MÉDIATHÈQUE CENTRE-VILLE;4 place de la Légion d'Honneur;93200;93;SAINT-DENIS;;;;;;;;;;;;;;;;48.9349225,2.3580226
BIBLIOTHÈQUE MUNICIPALE MULTIMÉDIA;Jardin des Arts - Place André-Malraux;78100;78;SAINT-GERMAIN-EN-LAYE;Subvention Région 2004;;;;;1325520;;;;;;;;;;48.89697,2.0956396
MÉDIATHÈQUE DES FONTENELLES;Centre commercial des Fontenelles;92000;92;NANTERRE;;;;;;;;;;;;;;;;48.892423,2.215331
BIBLIOTHÈQUE COURONNES;66 rue des Couronnes;75020;75;PARIS;;;;;;;;;;;;;;;;48.8702434,2.3849697
MÉDIATHÈQUE FRANÇOIS MITTERRAND;Esplanade de la République;91940;91;LES-ULIS;;;;;;;;;;;;;;;;48.6427351,2.2298355
BIBLIOTHÈQUE;Mairie - 11 boulevard Ouin;91820;91;BOUTIGNY-SUR-ESSONNE;;;;;;;;;;;;;;;;48.4374465,2.3806402
MÉDIATHÈQUE ANDRÉ BRETON;1 rue Bordier;93300;93;AUBERVILLIERS;;;;;;;;;;;;;;;;48.9030031,2.3887491
BIBLIOTHÈQUE MUNICIPALE;16 rue de la Mairie;78720;78;SAINT-FORGET;;;;;;;;;;;;;;;;48.7100107,1.9934555
BIBLIOTHÈQUE MUNICIPALE PAUL ÉLUARD;Place La Jamais Contente;78260;78;ACHÈRES;;;;;;;;;;;;;;;;48.960796,2.0700219
MÉDIATHÈQUE DON QUICHOTTE;102 avenue du Président Wilson;93200;93;SAINT-DENIS;Subvention Région 2004;;;;;370076;;;;;;;;;;48.9072844,2.358728
MÉDIATHÈQUE ANDRÉ MALRAUX;7 rue Saint-Flaive prolongée;95120;95;ERMONT;Subvention Région 2006;;;;;;;154797;;;;;;;;48.9902904,2.2611465
MÉDIATHÈQUE CENTRE-VILLE;33 rue du Gouverneur Éboué;92131;92;ISSY-LES-MOULINEAUX;;;;;;;;;;;;;;;;48.8260281,2.2701123
MÉDIATHÈQUE MUNICIPALE ELSA TRIOLET;Place Pietrasanta;77270;77;VILLEPARISIS;;;;;;;;;;;;;;;;48.938315,2.614385
BIBLIOTHÈQUE MUNICIPALE RAYMOND QUENEAU;Place Aristide Briand;91470;91;LIMOURS;;;;;;;;;;;;;;;;48.6451447,2.0744047
BIBLIOTHÈQUE LO DUCA;2 rue Gambetta;77920;77;SAMOIS-SUR-SEINE;;;;;;;;;;;;;;;;48.4516958,2.7500969
MÉDIATHÈQUE DE NOISY-LE-GRAND;Espace Michel Simon - 36 rue de la République;93160;93;NOISY-LE-GRAND;;;;;;;;;;;;;;;;48.8458845,2.5540029
BIBLIOTHÈQUE MUNICIPALE;Rue Montbuzy;78490;78;BOISSY-SANS-AVOIR;;;;;;;;;;;;;;;;48.8203629,1.7960169
MÉDIATHÈQUE GUILLAUME APOLLINAIRE;85 boulevard de la République;78400;78;CHATOU;;;;;;;;;;;;;;;;48.8977329,2.1529934
MÉDIATHÈQUE DES QUAIS;36 quai des Carrières;94220;94;CHARENTON-LE-PONT;;;;;;;;;;;;;;;;48.8191218,2.4084632
BIBLIOTHÈQUE DE QUARTIER DES SORBIERS;5 allée des Platanes;92150;92;SURESNES;;;;;;;;;;;;;;;;48.8617525,2.2107658
BIBLIOTHÈQUE COURCELLES;17 ter avenue Beaucour (fond voie privée);75008;75;PARIS;;;;;;;;;;;;;;;;48.856614,2.3522219
BIBLIOTHÈQUE-DISCOTHÈQUE MUNICIPALE;2 rue André Le Nôtre;92350;92;LE-PLESSIS-ROBINSON;;;;;;;;;;;;;;;;48.7786432,2.2543852
MÉDIATHÈQUE DU SEGRAIS;1 boulevard Camille Saint-Saëns;77185;77;LOGNES;Subvention Région 2006;;;;;;;456573;;;;;;;;48.8385282,2.6497716
BIBLIOTHÈQUE MUNICIPALE DU MOUSTIER;1 ter rue du Moustier;77400;77;THORIGNY-SUR-MARNE;;;;;;;;;;;;;;;;48.8841266,2.7132047
BIBLIOTHÈQUE MUNICIPALE;4 bis rue des Écoles;77670;77;VERNOU-LA-CELLE-SUR-SEINE;;;;;;;;;;;;;;;;48.3888891,2.8482453
BIBLIOTHÈQUE MUNICIPALE;2 rue Saint-Germain;77400;77;GOUVERNES;;;;;;;;;;;;;;;;48.8617427,2.6957913
MÉDIATHÈQUE MUNICIPALE;32 rue Gabriel Péri;92120;92;MONTROUGE;;;;;;;;;;;;;;;;48.8183091,2.3209664
BIBLIOTHÈQUE MUNICIPALE JEAN-JACQUES SEMPÉ;Place André Simon;91680;91;BRUYÈRES-LE-CHÂTEL;;;;;;;;;;;;;;;;48.5936359,2.191428
BIBLIOTHÈQUE - DISCOTHÈQUE;59 boulevard Carnot;78110;78;LE-VESINET;;;;;;;;;;;;;;;;48.8933741,2.1344087
MÉDIATHÈQUE PAUL VALÉRY;2 rue de la Division Leclerc;78440;78;GARGENVILLE;;;;;;;;;;;;;;;;48.9913891,1.8101522
BIBLIOTHÈQUE VAUBAN;76 rue Champ Lagarde;78000;78;VERSAILLES;;;;;;;;;;;;;;;;48.8021129,2.1522105
BIBLIOTHÈQUE PASTEUR (VILLEJUIF);48 rue Pasteur;94800;94;VILLEJUIF;;;;;;;;;;;;;;;;48.8049134,2.3653346
BIBLIOTHÈQUE MUNICIPALE;19 rue Adalbert Baut;95590;95;PRESLES;;;;;;;;;;;;;;;;49.1140391,2.2786507
BIBLIOTHÈQUE MUNICIPALE;31 rue des Chariots;95530;95;LA-FRETTE-SUR-SEINE;;;;;;;;;;;;;;;;48.9792268,2.1816214
BIBLIOTHÈQUE MUNICIPALE;2 avenue de Gisors;95750;95;CHARS;;;;;;;;;;;;;;;;49.1604345,1.937039
BIBLIOTHÈQUE MUNICIPALE;26 rue Victor Hugo;77810;77;THOMERY;;;;;;;;;;;;;;;;48.4080919,2.7857688
BIBLIOTHÈQUE MUNICIPALE;7 place de l'Église;77890;77;BEAUMONT-DU-GÂTINAIS;;;;;;;;;;;;;;;;48.135889,2.4735892
BIBLIOTHÈQUE;2 rue Philisbourg;91800;91;BRUNOY;;;;;;;;;;;;;;;;48.6979985,2.5058116
BIBLIOTHÈQUE MUNICIPALE;27 rue Jacob;91670;91;ANGERVILLE;;;;;;;;;;;;;;;;48.3116926,1.9962329
BIBLIOTHÈQUE MUNICIPALE;2 chemin Sous la Ville;78730;78;ROCHEFORT-EN-YVELINES;;;;;;;;;;;;;;;;48.587836,1.9883936
BIBLIOTHÈQUE MUNICIPALE LA BARBACANE;Place du 8 Mai 1945;78650;78;BEYNES;;;;;;;;;;;;;;;;48.855911,1.8753182
BIBLIOTHÈQUE FLACHAT;49 rue Henri Martin;92600;92;ASNIÈRES-SUR-SEINE;;;;;;;;;;;;;;;;48.9099677,2.2741467
MÉDIATHÈQUE DU CANAL;Quai François Truffaut - Saint-Quentin-en-Yvelines;78180;78;MONTIGNY-LE-BRETONNEUX;;;;;;;;;;;;;;;;48.7833218,2.0418327
BIBLIOTHÈQUE MUNICIPALE GEORGE SAND;Place des Prieurs;77230;77;DAMMARTIN-EN-GOËLE;;;;;;;;;;;;;;;;49.054824,2.683399
MÉDIATHÈQUE MUNICIPALE;1 place Victor Hugo;91250;91;SAINT-GERMAIN-LÈS-CORBEIL;;;;;;;;;;;;;;;;48.6361576,2.4381765
MÉDIATHÈQUE GEORGE SAND;5 place de la Victoire;91120;91;PALAISEAU;;;;;;;;;;;;;;;;48.7119452,2.2431919
BIBLIOTHÈQUE MUNICIPALE;60 rue de la Bussière;77610;77;LA-HOUSSAYE-EN-BRIE;;;;;;;;;;;;;;;;48.7545116,2.8747432
BIBLIOTHÈQUE MUNICIPALE;6 rue de la Gare;77970;77;BANNOST-VILLEGAGNON;;;;;;;;;;;;;;;;48.6785678,3.1917119
BIBLIOTHÈQUE MUNICIPALE;16 rue Jacques Durand;77210;77;AVON;;;;;;;;;;;;;;;;48.4135993,2.734295
BIBLIOTHÈQUE ANNEXE DES LOUVRAIS;5 rue Robert Schuman;95300;95;PONTOISE;;;;;;;;;;;;;;;;49.0592705,2.0886416
MÉDIATHÈQUE LES AMIS DU PETIT PRINCE;Le Pigeonnier;91750;91;CHEVANNES;;;;;;;;;;;;;;;;48.533489,2.444371
MÉDIATHÈQUE MUNICIPALE;5 rue Ledru-Rollin;92150;92;SURESNES;;;;;;;;;;;;;;;;48.8704153,2.2288934
MÉDIATHÈQUE DE LA FERME DES COMMUNES;8 boulevard Robert Thiboust;77700;77;SERRIS;;;;;;;;;;;;;;;;48.8430427,2.793577
BIBLIOTHÉQUE MUNICIPALE;3 avenue de la République;91420;91;MORANGIS;;;;;;;;;;;;;;;;48.7047926,2.3349884
BIBLIOTHÈQUE MUNICIPALE;78 rue de Meaux;93410;93;VAUJOURS;;;;;;;;;;;;;;;;48.9348917,2.5686137
BIBLIOTHÈQUE FRANÇOIS MITTERRAND;46 avenue Jean Jaurès;93315;93;LE-PRÉ-SAINT-GERVAIS;;;;;;;;;;;;;;;;48.8833404,2.4081871
BIBLIOTHÈQUE DUMONT;12 boulevard Galliéni;93600;93;AULNAY-SOUS-BOIS;;;;;;;;;;;;;;;;48.9303436,2.495746
BIBLIOTHÈQUE ANNEXE DE MARCOUVILLE;22 résidence Hauts de Marcouville;95300;95;PONTOISE;;;;;;;;;;;;;;;;49.0510881,2.081043
MÉDIATHÈQUE CONDORCET;1 rue de la Poste;91070;91;BONDOUFLE;;;;;;;;;;;;;;;;48.6137448,2.3775997
BIBLIOTHÈQUE DE MOTORDU;École Jean Sarrailh - 33 rue des Raguenets;95210;95;SAINT-GRATIEN;;;;;;;;;;;;;;;;48.9606431,2.286904
BIBLIOTHÈQUE MUNICIPALE;63 avenue Henri Barbusse;91270;91;VIGNEUX-SUR-SEINE;;;;;;;;;;;;;;;;48.7000655,2.4192743
MÉDIATHÈQUE MUNICIPALE;60 rue Gounod - jardin des Avelines;92210;92;SAINT-CLOUD;;;;;;;;;;;;;;;;48.847647,2.208115
MÉDIATHÈQUE MUNICIPALE MAUPASSANT;64 rue Édouard Vaillant;95870;95;BEZONS;Subvention Région 2011;;;;;;;;;;;;308000;;;48.9270966,2.2149026
MÉDIATHÈQUE CHENONCEAU;10 rue Winston Churchill;77100;77;MEAUX;;;;;;;;;;;;;;;;48.9502076,2.904335
MÉDIATHÈQUE D'ALFORTVILLE;Pôle Culturel - Parvis des Arts;94140;94;ALFORTVILLE;Subvention Région 2004;;;;;1372041;;;;;;;;;;48.8060443,2.4232581
BIBLIOTHÈQUE LOUIS ARAGON;6 place Louis Aragon;92701;92;COLOMBES;;;;;;;;;;;;;;;;48.9148817,2.2293563
BIBLIOTHÈQUE MUNICIPALE ALBERT CAMUS;25 rue du Commerce;95610;95;ÉRAGNY;;;;;;;;;;;;;;;;49.0192039,2.0986253
MÉDIATHÈQUE JACQUES PRÉVERT;4 place du Miroir d'eau;77176;77;SAVIGNY-LE-TEMPLE;;;;;;;;;;;;;;;;48.6017326,2.5667523
BIBLIOTHÈQUE MUNICIPALE;Rue Creuse;77930;77;SAINT-SAUVEUR-SUR-ÉCOLE;;;;;;;;;;;;;;;;48.4990613,2.5421123
MÉDIATHÈQUE ALEXANDRE DUMAS;8 avenue Gilbert Fergant;91220;91;LE-PLESSIS-PATE;Subvention Région 2012;;;;;;;;;;;;;400045;;48.6126648,2.3254082
BIBLIOTHEQUE DU VAL;Rue Marc Sangnier;91200;91;ATHIS-MONS;;;;;;;;;;;;;;;;48.6997994,2.3853895
MÉDIATHÈQUE JOHN LENNON;9 avenue du Général Leclerc;93120;93;LA-COURNEUVE;Subvention Région 2011;;;;;;;;;;;;138600;;;48.9262446,2.3775337
BIBLIOTHÈQUE GERMAINE TILLON;6 rue du Commandant Schloesing;75016;75;PARIS;;;;;;;;;;;;;;;;48.8618183,2.2845272
BIBLIOTHÈQUE MUNICIPALE;13 rue du Général Leclerc - Clachaloze;78270;78;GOMMECOURT;;;;;;;;;;;;;;;;49.0644264,1.603215
BIBLIOTHÈQUE DES PRÉS-AUX-BOIS;29 rue de l’Ecole des postes;78000;78;VERSAILLES;;;;;;;;;;;;;;;;48.8025959,2.160562
BIBLIOTHÈQUE DE PORCHEFONTAINE;86 rue Yves le Coz;78000;78;VERSAILLES;;;;;;;;;;;;;;;;48.7948687,2.1550629
BIBLIOTHÈQUE GEORGES BRASSENS;38 rue Gassendi;75014;75;PARIS;;;;;;;;;;;;;;;;48.8339554,2.3255196
BIBLIOTHÈQUE INTERCOMMUNALE;15 rue Robert Schuman;95400;95;ARNOUVILLE-LES-GONESSE;;;;;;;;;;;;;;;;48.989701,2.4200522
MÉDIATHÈQUE DE LOZÈRE;58 rue du Moulin;91120;91;PALAISEAU;;;;;;;;;;;;;;;;48.7031855,2.2109924
MÉDIATHÈQUE DU VAL D'EUROPE;2 place d'Ariane;77700;77;SERRIS;;;;;;;;;;;;;;;;48.8552334,2.7750292
MÉDIATHÈQUE GEORGES DUHAMEL;Square Brieussel-Bourgeois;78200;78;MANTES-LA-JOLIE;;;;;;;;;;;;;;;;48.9882484,1.7143392
MÉDIATHÈQUE;6 place du Château de Sainte-Barbe;92260;92;FONTENAY-AUX-ROSES;;;;;;;;;;;;;;;;48.7903527,2.2908805
MÉDIATHÈQUE MUNICIPALE DE L'ORANGERIE;4 allée André Benoist;77410;77;CLAYE-SOUILLY;;;;;;;;;;;;;;;;48.9470996,2.6876029
MÉDIATHÈQUE MARIE CURIE;2 avenue Saint-Saëns;91240;91;SAINT-MICHEL-SUR-ORGE;;;;;;;;;;;;;;;;48.6377813,2.3149909
BIBLIOTHÈQUE MUNICIPALE;26 rue Grande;77250;77;ÉPISY;;;;;;;;;;;;;;;;48.3342879,2.7846346
BIBLIOTHÈQUE DE LA CROIX DES MECHES;MJC Club de Créteil Rue Charpy;94000;94;CRETEIL;;;;;;;;;;;;;;;;48.7873231,2.4527428
BIBLIOTHÈQUE CYRANO DE BERGERAC;Rue des Bleuets;93390;93;CLICHY-SOUS-BOIS;;;;;;;;;;;;;;;;48.9173631,2.545326
BIBLIOTHÈQUE INTERCOMMUNALE;40 rue Maurice Berteaux;78410;78;BOUAFLE;;;;;;;;;;;;;;;;48.9637453,1.8990544
MÉDIATHÈQUE LOUIS ARAGON;17 rue Pierre Mendès France;94600;94;CHOISY-LE-ROI;;;;;;;;;;;;;;;;48.7269118,2.4452551
BIBLIOTHÉQUE MUNICIPALE;12 boulevard du Général de Gaulle;91660;91;MEREVILLE;;;;;;;;;;;;;;;;48.318641,2.085648
MÉDIATHÈQUE MUNICIPALE;"Centre culturel ""côté cour"" - 86 rue de Paris";77127;77;LIEUSAINT;Subvention Région 2008;;;;;;;;;308000;;;;;;48.6298535,2.5542821
BIBLIOTHÈQUE MUSSET;20 rue Musset;75016;75;PARIS;;;;;;;;;;;;;;;;48.8420999,2.2633768
BIBLIOTHÈQUE MUNICIPALE DES DEUX RIVES;2 avenue des Vignes Benettes;78230;78;LE-PECQ;;;;;;;;;;;;;;;;48.8806767,2.0966074
MÉDIATHÈQUE MUNICIPALE;10 avenue du Maréchal Leclerc;94430;94;CHENNEVIERES-SUR-MARNE;;;;;;;;;;;;;;;;48.7963845,2.5317438
BIBLIOTHÈQUE MUNICIPALE;Place du 8 Mai 1945;78330;78;FONTENAY-LE-FLEURY;;;;;;;;;;;;;;;;48.7854533,2.0563093
MÉDIATHÈQUE ILE SAINT-PIERRE;148 rue Etienne Dolet;94140;94;ALFORTVILLE;;;;;;;;;;;;;;;;48.7860831,2.426222
MÉDIATHÈQUE MUNICIPALE ARTURO LOPEZ;68 rue de Longchamp;92200;92;NEUILLY-SUR-SEINE;;;;;;;;;;;;;;;;48.8799045,2.2527044
MÉDIATHÈQUE GEORGES BRASSENS;7 avenue du Maréchal Foch;91400;91;ORSAY;;;;;;;;;;;;;;;;48.699235,2.1892076
BIBLIOTHÈQUE MUNICIPALE;17 rue du Docteur Battesti - Mairie;77760;77;LA-CHAPELLE-LA-REINE;;;;;;;;;;;;;;;;48.3163246,2.5693974
BIBLIOTHÈQUE MICHELINE BRINON;1 rue des Vergers;77400;77;SAINT-THIBAULT-DES-VIGNES;;;;;;;;;;;;;;;;48.8690543,2.6815784
MÉDIATHÈQUE DES CITÉS UNIES;1 place Paul Desphelipon;77176;77;SAVIGNY-LE-TEMPLE;Subvention Région 2005;;;;;;659452;;;;;;;;;48.5813468,2.5829356
BIBLIOTHÈQUE ROBERT DESNOS;14 boulevard Rouget de Lisle;93100;93;MONTREUIL;;;;;;;;;;;;;;;;48.8614398,2.4406209
MÉDIATHÈQUE ANNEXE DE MONTCONSEIL;76 boulevard Henri Dunant;91107;91;CORBEIL-ESSONNES;;;;;;;;;;;;;;;;48.5982005,2.4794333
MÉDIATHÈQUE EUGÈNE DELACROIX;29 rue du Maréchal Leclerc;94410;94;SAINT-MAURICE;;;;;;;;;;;;;;;;48.8181319,2.4220989
BIBLIOTHÈQUE DE L'UNIVERSITÉ INTER AGES;6 impasse des Gendarmes;78000;78;VERSAILLES;;;;;;;;;;;;;;;;48.8004364,2.1309471
BIBLIOTHÈQUE MUNICIPALE;Grande Rue;77520;77;LUISETAINES;;;;;;;;;;;;;;;;48.467725,3.180569
BIBLIOTHÈQUE MUNICIPALE;11 avenue Galliéni;77590;77;BOIS-LE-ROI;;;;;;;;;;;;;;;;48.4748263,2.6913319
MEDIATHEQUE DE LA FERME SAINTE-GENEVIÈVE;4 rue des Labours;77700;77;MAGNY-LE-HONGRE;;;;;;;;;;;;;;;;48.8643165,2.8132275
MÉDIATHÈQUE ANNEXE DES TARTERETS;1 rue Henri Matisse;91107;91;CORBEIL-ESSONNES;;;;;;;;;;;;;;;;48.6137863,2.463625
BIBLIOTHÈQUE DE BUTRY-SUR-OISE;Place Pierre Blanchard;95430;95;BUTRY-SUR-OISE;;;;;;;;;;;;;;;;49.085028,2.195376
BIBLIOTHÈQUE MUNICIPALE HENRI MARLE;7 allée des Noisetiers;95670;95;MARLY-LA-VILLE;;;;;;;;;;;;;;;;49.0917513,2.5052926
BIBLIOTHÈQUE CHAPTAL;26 rue Chaptal;75009;75;PARIS;;;;;;;;;;;;;;;;48.8814478,2.332445
MÉDIATHÈQUE MUNICIPALE GABRIEL PERI;57 rue Gabriel Péri;92300;92;LEVALLOIS-PERRET;;;;;;;;;;;;;;;;48.8939903,2.2859913
BIBLIOTHÈQUE MUNICIPALE;26 Grande Rue;77370;77;VIEUX-CHAMPAGNE;;;;;;;;;;;;;;;;48.5786116,3.1383187
BIBLIOTHÈQUE MUNICIPALE;13 rue de l'Église;77650;77;JUTIGNY;;;;;;;;;;;;;;;;48.4987642,3.2324441
BIBLIOTHÈQUE MUNICIPALE;Place de l'Église;77650;77;CHALMAISON;;;;;;;;;;;;;;;;48.4824576,3.2513764
BIBLIOTHÈQUE MUNICIPALE;Espace mutil-culturel - Rue Georges Clemenceau;77590;77;CHARTRETTES;;;;;;;;;;;;;;;;48.4912247,2.6965154
MÉDIATHÈQUE MUNICIPALE;Espace Culturel Condorcet - 21 rue Maurice Sabatier;91170;91;VIRY-CHÂTILLON;;;;;;;;;;;;;;;;48.6718748,2.3722808
BIBLIOTHÈQUE DANIEL RENOULT;22 place Le Morillon;93100;93;MONTREUIL;;;;;;;;;;;;;;;;48.8655496,2.4797341
MÉDIATHÈQUE MUNICIPALE;Place du Souvenir;78440;78;ISSOU;;;;;;;;;;;;;;;;48.8176454,2.2617359
BIBLIOTHÈQUE MUNICIPALE GEORGE SAND;Rue Pierre de Coubertin;94510;94;LA-QUEUE-EN-BRIE;;;;;;;;;;;;;;;;48.7921377,2.5768173
BIBLIOTHÈQUE MUNICIPALE;1 rue de Chantereine - Salle polyvalente;77230;77;VINANTES;;;;;;;;;;;;;;;;49.009383,2.734706
MÉDIATHÈQUE JEAN DE LA BRUYÈRE;68 avenue de la Division Leclerc;91160;91;SAULX-LES-CHARTREUX;;;;;;;;;;;;;;;;48.6910646,2.2640875
BIBLIOTHÈQUE MUNICIPALE MARIA SOCARD BOCQUEL;2 rue René Decle;91180;91;SAINT-GERMAIN-LÈS-ARPAJON;;;;;;;;;;;;;;;;48.5954162,2.2553985
BIBLIOTHÈQUE MUNICIPALE;Rue de Corbeil;77111;77;SOIGNOLLES-EN-BRIE;;;;;;;;;;;;;;;;48.652057,2.692772
MÉDIATHÈQUE DU PILEU;43 rue de l'Effort Mutuel;91120;91;PALAISEAU;;;;;;;;;;;;;;;;48.7275589,2.2362044
BIBLIOTHÈQUE MUNICIPALE;Rue des Écoles;77230;77;ROUVRES;;;;;;;;;;;;;;;;49.0622466,2.7158866
BIBLIOTHÈQUE CARTIER BRESSON;11 rue Grande;77126;77;CHATENAY-SUR-SEINE;;;;;;;;;;;;;;;;48.4198968,3.0973416
MÉDIATHÈQUE AIMÉ CÉSAIRE;Espace culturel - 19 avenue du Général Leclerc;78320;78;LA-VERRIÈRE;Subvention Région 2004;;;;;216930;;;;;;;;;;48.7543617,1.9557721
BIBLIOTHÈQUE GUILLAUME APOLLINAIRE;22-24 rue Turgot;93600;93;AULNAY-SOUS-BOIS;;;;;;;;;;;;;;;;48.9290451,2.4832639
BIBLIOTHÈQUE INTERCOMMUNALE DIANE DE POITIERS;4 rue Sainte-Croix;91150;91;ETAMPES;;;;;;;;;;;;;;;;48.4355289,2.1608748
BIBLIOTHÈQUE MUNICIPALE;39 avenue de Longueil;78600;78;MAISONS-LAFFITTE;;;;;;;;;;;;;;;;48.9460941,2.145518
BIBLIOTHÈQUE MUNICIPALE LA MÉRIDIENNE;1 place du Général de Gaulle;94151;94;RUNGIS;;;;;;;;;;;;;;;;48.7494139,2.3499822
MÉDIATHÈQUE MARGUERITE DURAS;115 rue de Bagnolet;75020;75;PARIS;;;;;;;;;;;;;;;;48.8601599,2.4028655
MÉDIATHÈQUE SAINT-EXUPÉRY;Espace Decauville - 5 place de la Division Leclerc;78960;78;VOISINS-LE-BRETONNEUX;;;;;;;;;;;;;;;;48.758866,2.049707
BIBLIOTHÈQUE MUNICIPALE JOSEPH KESSEL;18 avenue du Général de Gaulle;95250;95;BEAUCHAMP;;;;;;;;;;;;;;;;49.0102512,2.1953692
BIBLIOTHÈQUE MUNICIPALE;20 avenue de la Malibran;77680;77;ROISSY-EN-BRIE;;;;;;;;;;;;;;;;48.7959458,2.6437503
BIBLIOTHÈQUE MUNICIPALE;Place de la Mairie;77410;77;MESSY;;;;;;;;;;;;;;;;48.9691624,2.7588909
BIBLIOTHÈQUE MUNICIPALE;11 rue Georges Villette;77250;77;ECUELLES;;;;;;;;;;;;;;;;48.3588458,2.8260115
BIBLIOTHÈQUE CLIGNANCOURT;29 rue Hermel;75018;75;PARIS;;;;;;;;;;;;;;;;48.8915812,2.3442624
BIBLIOTHÈQUE MUNICIPALE;16 rue Sadi Carnot;92170;92;VANVES;;;;;;;;;;;;;;;;48.8217804,2.2877072
BIBLIOTHÈQUE MUNICIPALE;2 rue Victor Hugo;91690;91;SACLAS;;;;;;;;;;;;;;;;48.3595501,2.1256081
BIBLIOTHÈQUE LA FERTOISE;11 rue de l'Hôtel de Ville;91590;91;LA-FERTE-ALAIS;;;;;;;;;;;;;;;;48.4820086,2.3482355
LA MAISON DU LIVRE;Rue Charles de Gaulle;91630;91;GUIBEVILLE;;;;;;;;;;;;;;;;48.569255,2.272938
BIBLIOTHÈQUE MUNICIPALE;Rue des Alouettes;91590;91;BOISSY-LE-CUTTE;;;;;;;;;;;;;;;;48.466791,2.283935
BIBLIOTHÈQUE MUNICIPALE;29 route de Rambouillet;78125;78;SAINT-HILARION;;;;;;;;;;;;;;;;48.619562,1.7327208
MÉDIATHÈQUE;Centre Saint-Exupéry - 28 rue de Paris;78560;78;LE-PORT-MARLY;;;;;;;;;;;;;;;;48.8839694,2.1086743
MÉDIATHÈQUE LUDOTHÈQUE MUNICIPALE;1 rue de la Commune;94380;94;BONNEUIL-SUR-MARNE;;;;;;;;;;;;;;;;48.7700356,2.4844649
BIBLIOTHÈQUE ANDRÉ MALRAUX;25 avenue du Maréchal-Lyautey;78300;78;POISSY;;;;;;;;;;;;;;;;48.921336,2.0279627
BIBLIOTHÈQUE DE LA MAISON POUR TOUS;Centre culturel André Malraux - 3 bis quai Voltaire;78230;78;LE-PECQ;;;;;;;;;;;;;;;;48.9019005,2.1076119
BIBLIOTHÈQUE RENOIR;27 rue Guy de Maupassant;92500;92;RUEIL-MALMAISON;;;;;;;;;;;;;;;;48.8912213,2.1683678
BIBLIOTHÈQUE MUNICIPALE;3 rue Achim d'Abos;95450;95;THÉMÉRICOURT;;;;;;;;;;;;;;;;49.0866787,1.8963993
BIBLIOTHÈQUE MUNICIPALE;3 parvis Robert Schuman;92370;92;CHAVILLE;;;;;;;;;;;;;;;;48.808026,2.192418
MÉDIATHÈQUE MUNICIPALE PABLO PICASSO;Avenue des Sablons;91350;91;GRIGNY;;;;;;;;;;;;;;;;48.6553624,2.3915565
BIBLIOTHÈQUE EST-DENIS DIDEROT DE VINCENNES;162 rue de la Jarry;94300;94;VINCENNES;;;;;;;;;;;;;;;;48.8494468,2.4518222
MÉDIATHÈQUE LES TEMPS MODERNES;7 rue du chemin vert de Boissy;95150;95;TAVERNY;;;;;;;;;;;;;;;;49.0142443,2.2115639
BIBLIOTHÈQUE MUNICIPALE;12 avenue de la Résistance;93340;93;LE-RAINCY;"Subvention Région 2000 ; Subvention Région 2003";164645;;;369536;;;;;;;;;;;48.8914553,2.5130522
BIBLIOTHÈQUE MUNICIPALE MARGUERITE YOURCENAR;1 rue Neuve;77176;77;NANDY;;;;;;;;;;;;;;;;48.5796179,2.5644967
BIBLIOTHÈQUE MUNICIPALE;Rue Charles Péguy;77124;77;CHAUCONIN-NEUFMONTIERS;;;;;;;;;;;;;;;;48.9705256,2.8400187
BIBLIOTHÈQUE MUNICIPALE;Rue Jean Satonnet - Mairie;91540;91;ECHARCON;;;;;;;;;;;;;;;;48.570058,2.404385
BIBLIOTHÈQUE;4 Grande Rue;91580;91;VILLECONIN;;;;;;;;;;;;;;;;48.513624,2.1255041
BIBLIOTHÈQUE ROMAIN ROLLAND;Avenue des Courtillères;93500;93;PANTIN;;;;;;;;;;;;;;;;48.9138702,2.4100809
BIBLIOTHÈQUE ANDRÉ MALRAUX;35 place Charles de Gaulle;93260;93;LES-LILAS;;;;;;;;;;;;;;;;48.8827373,2.4187929
MÉDIATHÈQUE DES AUNETTES;Impasse de la Juine;91000;91;EVRY;;;;;;;;;;;;;;;;48.6176642,2.4400998
BIBLIOTHÈQUE MUNICIPALE;37 rue de Caruel de Saint-Martin;78150;78;LE-CHESNAY;Subvention Région 2006;;;;;;;1118577;;;;;;;;48.8209044,2.1219033
BIBLIOTHÈQUE FAIDHERBE;18-20 rue Faidherbe;75011;75;PARIS;;;;;;;;;;;;;;;;48.8516688,2.3840285
BIBLIOTHÈQUE MUNICIPALE;1 rue de la Mairie;95450;95;SAGY;;;;;;;;;;;;;;;;49.0497871,1.9516238
BIBLIOTHÈQUE MUNICIPALE;1 rue Clos de l'Isle;78910;78;TACOIGNIÈRES;;;;;;;;;;;;;;;;48.8356112,1.6751183
BIBLIOTHÈQUE MUNICIPALE;17 place Picard;77100;77;VILLENOY;;;;;;;;;;;;;;;;48.9441525,2.863576
BIBLIOTHÈQUE MUNICIPALE ANNICK LAISNÉ;2 bis place du Jeu de Paume;91740;91;PUSSAY;;;;;;;;;;;;;;;;48.3495525,1.9951474
BIBLIOTHÈQUE MUNICIPALE;24 Grande Rue;77120;77;SAINTS;;;;;;;;;;;;;;;;48.7596927,3.045678
BIBLIOTHÈQUE MUNICIPALE;Grande Place;77640;77;JOUARRE;;;;;;;;;;;;;;;;48.9262833,3.1296669
BIBLIOTHÈQUE MARGUERITE YOURCENAR;1 bis allée des Sycomores;93110;93;ROSNY-SOUS-BOIS;;;;;;;;;;;;;;;;48.8768263,2.4695622
MÉDIATHÈQUE DES BOIS DE GROSLAY;Rue des Bois de Groslay;93700;93;DRANCY;;;;;;;;;;;;;;;;48.9175698,2.4675776
BIBLIOTHÈQUE MUNICIPALE;8 allée Robillard;93320;93;LES-PAVILLONS-SOUS-BOIS;;;;;;;;;;;;;;;;48.9049731,2.5053825
BIBLIOTHÈQUE PARMENTIER;20 bis avenue Parmentier;75011;75;PARIS;;;;;;;;;;;;;;;;48.8600791,2.3790216
MÉDIATHÈQUE DE LA TÊTE RONDE;17 route de Gif;91190;91;VILLIERS-LE-BACLE;;;;;;;;;;;;;;;;48.726832,2.1217273
MEDIATHÈQUE MUNICIPALE;84 rue Feray;91100;91;CORBEIL-ESSONNES;;;;;;;;;;;;;;;;48.6067892,2.4730097
BIBLIOTHÈQUE MUNICIPALE;Boulevard de la République;78440;78;PORCHEVILLE;;;;;;;;;;;;;;;;48.9753865,1.7672955
BIBLIOTHÈQUE MUNICIPALE;4 rue du Long des bois;78690;78;SAINT-RÉMY-L'HONORÉ;;;;;;;;;;;;;;;;48.7535784,1.8801653
BIBLIOTHÈQUE MUNICIPALE;9 rue de l'Église;77250;77;VILLECERF;;;;;;;;;;;;;;;;48.3294567,2.8459276
MÉDIATHÈQUE MUNICIPALE JEAN COCTEAU;Place de France;91300;91;MASSY;;;;;;;;;;;;;;;;48.732568,2.2889821
BIBLIOTHÈQUE MUNICIPALE GEORGE SAND;Place de la Mairie;91760;91;ITTEVILLE;;;;;;;;;;;;;;;;48.5509931,2.3667527
BIBLIOTHÈQUE MUNICIPALE;Rue de l'École;77157;77;ÉVERLY;;;;;;;;;;;;;;;;48.467142,3.251418
BIBLIOTHÈQUE MAURICE GENEVOIX;Place du 11 Novembre;95600;95;EAUBONNE;;;;;;;;;;;;;;;;48.9852391,2.3175874
MÉDIATHÈQUE MUNICIPALE;Cour Émile Zola;77370;77;NANGIS;;;;;;;;;;;;;;;;48.5549686,3.01357
MÉDIATHÈQUE ALAIN PEYREFITTE;3 rue André Thomas;77130;77;MONTEREAU-FAULT-YONNE;;;;;;;;;;;;;;;;48.3960984,2.9547484
BIBLIOTHÈQUE MUNICIPALE;Place de la Mairie;77410;77;VILLEROY;;;;;;;;;;;;;;;;48.982144,2.782238
BIBLIOTHÈQUE MUNICIPALE;7 boulevard de la République;77230;77;SAINT-MARD;;;;;;;;;;;;;;;;49.0385627,2.6925912
BIBLIOTHÈQUE JANVILLE-LARDY;3 rue du Pont de Hêtre;91510;91;LARDY;Subvention Région 2011;;;;;;;;;;;;175740;;;48.5216728,2.266369
BIBLIOTHÈQUE BAUDOYER;Mairie - 2 place Baudoyer;75004;75;PARIS;;;;;;;;;;;;;;;;48.8559843,2.3559275
MAISON DU LIVRE LOUIS ARAGON;Avenue du Petit Châalis;77280;77;OTHIS;;;;;;;;;;;;;;;;49.0714659,2.6733751
BIBLIOTHÈQUE MUNICIPALE;11 place Condorcet - Espace culturel Gérard Philipe;77240;77;VERT-SAINT-DENIS;;;;;;;;;;;;;;;;48.565306,2.613554
MÉDIATHÈQUE;5 bis rue de Palaiseau;91400;91;SACLAY;;;;;;;;;;;;;;;;48.7304316,2.1765011
BIBLIOTHÈQUE MUNICIPALE;3 allée de Luzancy;77400;77;POMPONNE;;;;;;;;;;;;;;;;48.8888643,2.6901127
BIBLIOTHÈQUE MUNICIPALE;10 rue de l'Amourée;77650;77;LONGUEVILLE;;;;;;;;;;;;;;;;48.5173055,3.2474585
BIBLIOTHÈQUE MUNICIPALE;34 rue de l'Arbre-Sec;77300;77;FONTAINEBLEAU;;;;;;;;;;;;;;;;48.4024697,2.6944657
BIBLIOTHÈQUE MUNICIPALE;Place de l'Église;91580;91;AUVERS-SAINT-GEORGES;;;;;;;;;;;;;;;;48.5224926,2.2662236
MÉDIATHÈQUE MUSICALE DE PARIS;Forum des Halles - 8 porte Saint-Eustache;75001;75;PARIS;;;;;;;;;;;;;;;;48.856614,2.3522219
BIBLIOTHÈQUE MUNICIPALE;12 rue de la Mairie;78470;78;SAINT-LAMBERT-DES-BOIS;;;;;;;;;;;;;;;;48.7696267,2.0279553
BIBLIOTHÈQUE BERTHE MORISOT;Sente des Carreaux;78780;78;MAURECOURT;;;;;;;;;;;;;;;;48.996211,2.06347
MÉDIATHÈQUE MUNICIPALE;Rue Chèvre d'Autreville;94320;94;THIAIS;;;;;;;;;;;;;;;;48.7640783,2.390295
BIBLIOTHÈQUE DE LA PLAINE DE CACHAN;Centre Socio-Culturel La Plaine - 1 allée Pierre de Montreuil;94230;94;CACHAN;Subvention Région 2008;;;;;;;;;138564;;;;;;48.7862808,2.3316388
BIBLIOTHÈQUE AIMÉ CÉSAIRE;23 quai d'Asnières;92390;92;VILLENEUVE-LA-GARENNE;;;;;;;;;;;;;;;;48.9345232,2.3354269
BIBLIOTHÈQUE MUNICIPALE;89 rue du Général de Gaulle;78740;78;VAUX-SUR-SEINE;;;;;;;;;;;;;;;;49.0041046,1.9681035
BIBLIOTHÈQUE MUNICIPALE;Rue de la Mairie;78650;78;SAULX-LE-MARCHAIS;;;;;;;;;;;;;;;;48.838384,1.838161
BIBLIOTHÈQUE MUNICIPALE MARIE CLAVEAU;Rue de l'Orge;91410;91;ROINVILLE;;;;;;;;;;;;;;;;48.5304186,2.045959
BIBLIOTHÈQUE MUNICIPALE;Rue Grande;77940;77;LA-BROSSE-MONTCEAUX;;;;;;;;;;;;;;;;48.3442099,3.019766
MÉDIATHÈQUE COLETTE;Mail de l'Ile de France;91090;91;LISSES;Subvention Région 2007;;;;;;;;560500;;;;;;;48.612416,2.41687
BIBLIOTHÈQUE;Mairie - 14 avenue Paul Blot;91530;91;SERMAISE;;;;;;;;;;;;;;;;48.536864,2.080982
BIBLIOTHÈQUE MUNICIPALE;137 rue Jean Jaurès;93470;93;COUBRON;;;;;;;;;;;;;;;;48.9156226,2.5775498
BIBLIOTHÈQUE MUNICIPALE MAURICE GENEVOIX;2 rue de l'Église;92380;92;GARCHES;;;;;;;;;;;;;;;;48.8449184,2.1879557
BIBLIOTHÈQUE MUNICIPALE;6 rue de la Ferme;78125;78;VIEILLE-ÉGLISE-EN-YVELINES;;;;;;;;;;;;;;;;48.6706973,1.8753232
BIBLIOTHÈQUE ANNEXE MAISON COMMUNALE;Maison communale - 6 place Montgolfier;94410;94;SAINT-MAURICE;;;;;;;;;;;;;;;;48.814975,2.45911
BIBLIOTHÈQUE MUNICIPALE;5 place du Général de Gaulle;77760;77;URY;;;;;;;;;;;;;;;;48.3167381,2.5709885
BIBLIOTHÈQUE MUNICIPALE;63 rue Maurice Wanlin;77370;77;FONTENAILLES;;;;;;;;;;;;;;;;48.5556954,2.9536727
BIBLIOTHÈQUE DE LA FOURCHE;Centre Socioculturel de La Fourche - 216 avenue Jean Jaurès;92140;92;CLAMART;;;;;;;;;;;;;;;;48.8125593,2.2714066
MÉDIATHÈQUE GULLIVER;7 rue Plouich;93200;93;SAINT-DENIS;;;;;;;;;;;;;;;;48.9417209,2.3811107
BIBLIOTHÈQUE LOUVRE;Mairie - 4 place du Louvre;75001;75;PARIS;;;;;;;;;;;;;;;;48.8601128,2.341212
BIBLIOTHÈQUE MUNICIPALE;1 rue de Breuil;78711;78;MANTES-LA-VILLE;;;;;;;;;;;;;;;;48.9764815,1.7138959
BIBLIOTHÈQUE MUNICIPALE;4 rue de la Mairie;78270;78;LIMETZ-VILLEZ;;;;;;;;;;;;;;;;49.0606023,1.5449892
MÉDIATHÈQUE JEAN FERRAT;31 rue d'Eperno;78550;78;HOUDAN;;;;;;;;;;;;;;;;48.7880753,1.6033707
BIBLIOTHÈQUE MUNICIPALE;8 place des 4 saisons;94440;94;MAROLLES-EN-BRIE;;;;;;;;;;;;;;;;48.73421,2.551714
BIBLIOTHÈQUE MUNICIPALE LE TEMPS DES CERISES;2 rue de la Paix;95480;95;PIERRELAYE;;;;;;;;;;;;;;;;49.0221939,2.1520183
BIBLIOTHÈQUE MUNICIPALE;2 rue Daniel Renault;95570;95;ATTAINVILLE;;;;;;;;;;;;;;;;49.0573994,2.3458688
BIBLIOTHÈQUE BEAUGRENELLE;36-40 rue Émériau;75015;75;PARIS;;;;;;;;;;;;;;;;48.8500778,2.2863133
BIBLIOTHÈQUE MUNICIPALE;53 bis rue Rosa Bonheur;77000;77;LA-ROCHETTE;;;;;;;;;;;;;;;;48.520749,2.655408
MÉDIATHÈQUE MUNICIPALE LUXEMBOURG;2 rue Cornillon;77100;77;MEAUX;;;;;;;;;;;;;;;;48.9551864,2.8789189
BIBLIOTHÈQUE MUNICIPALE;2 rue Gaston Darley;77140;77;NEMOURS;;;;;;;;;;;;;;;;48.2664187,2.6976113
BIBLIOTHÈQUE MUNICIPALE;5 rue Benjamin Brunet;77100;77;NANTEUIL-LES-MEAUX;;;;;;;;;;;;;;;;48.9278254,2.8964887
BIBLIOTHÈQUE MUNICIPALE;Place de l'Église;77139;77;ÉTRÉPILLY;;;;;;;;;;;;;;;;49.0341359,2.930442
BIBLIOTHÈQUE MUNICIPALE;5 route de la Ferté-Gaucher;77320;77;CHOISY-EN-BRIE;;;;;;;;;;;;;;;;48.7594472,3.2233373
BIBLIOTHÈQUE SUD-ALFRED DE VIGNY;3 rue du Maréchal Maunoury;94300;94;VINCENNES;;;;;;;;;;;;;;;;48.8438639,2.4309048
BIBLIOTHÈQUE JEAN-BAPTISTE CHARCOT;184 bis boulevard Saint-Denis;92400;92;COURBEVOIE;;;;;;;;;;;;;;;;48.900722,2.2722559
BIBLIOTHÈQUE OLYMPE DE GOUGES;Avenue de Claye;77500;77;CHELLES;;;;;;;;;;;;;;;;48.8906209,2.6077241
MÉDIATHÈQUE DES HAUTES GARENNES;32 rue Gustave Flaubert;91120;91;PALAISEAU;;;;;;;;;;;;;;;;48.7172494,2.2616234
BIBLIOTHÈQUE MUNICIPALE;Espace Arthur Clark - 24 rue du Général de Gressot;91320;91;WISSOUS;;;;;;;;;;;;;;;;48.7351417,2.3287614
BIBLIOTHÈQUE ANNE FRANCK;Espace Victor Hugo - Avenue Ambroise Croizat;93440;93;DUGNY;;;;;;;;;;;;;;;;48.9563823,2.416132
BIBLIOTHÈQUE RENÉ GOSCINNY;Place Mendès France;91200;91;ATHIS-MONS;;;;;;;;;;;;;;;;48.7035048,2.3624818
BIBLIOTHÈQUE MUNICIPALE;16 rue Pasteur;78930;78;GUERVILLE;;;;;;;;;;;;;;;;48.9433175,1.7326668
BIBLIOTHÈQUE MUNICIPALE JEAN TISSIER;89 rue Charles de Gaulle;78840;78;FRENEUSE;;;;;;;;;;;;;;;;49.048187,1.6006319
BIBLIOTHÈQUE MUNICIPALE;Place du Général de Gaulle;94520;94;MANDRES-LES-ROSES;;;;;;;;;;;;;;;;48.7005586,2.5415898
BIBLIOTHÈQUE DES MAZURIÈRES;93 rue des Mazurières;92500;92;RUEIL-MALMAISON;;;;;;;;;;;;;;;;48.8657266,2.1945527
MÉDIATHÈQUE MUNICIPALE;32 bis rue de la Station;95130;95;FRANCONVILLE;;;;;;;;;;;;;;;;48.9860277,2.2317351
MÉDIATHÈQUE MUNICIPALE GÉRARD BILLY;10 allée Vieille et Gentil;77400;77;LAGNY-SUR-MARNE;;;;;;;;;;;;;;;;48.8760862,2.7046095
BIBLIOTHÈQUE MUNICIPALE;6 rue Riché;77870;77;VULAINES-SUR-SEINE;;;;;;;;;;;;;;;;48.4309185,2.7644126
MÉDIATHÈQUE LIRE À MONTÉVRAIN;27 boulevard Charles de Gaulle;77144;77;MONTEVRAIN;;;;;;;;;;;;;;;;48.8717004,2.7512103
BIBLIOTHÈQUE MUNICIPALE;3 rue du Général Roux;77590;77;FONTAINE-LE-PORT;;;;;;;;;;;;;;;;48.486824,2.75742
BIBLIOTHÈQUE MUNICIPALE;9 rue du Chef de Ville;77440;77;ARMENTIÈRES-EN-BRIE;;;;;;;;;;;;;;;;48.977621,3.0219175
BIBLIOTHÈQUE STENDHAL;2 place Stendhal;78500;78;SARTROUVILLE;;;;;;;;;;;;;;;;48.9455858,2.1954425
MÉDIATHÈQUE PERSÉPOLIS;4 avenue Gabriel Péri;93400;93;SAINT-OUEN;Subvention Région 2007;;;;;;;;1372041;;;;;;;48.9114556,2.3334383
MÉDIATHÈQUE DE L'ARCHE GUÉDON;3 place des Rencontres;77200;77;TORCY;;;;;;;;;;;;;;;;48.8514531,2.6357332
BIBLIOTHÈQUE MUNICIPALE;5 rue Claude Bernard;77250;77;VENEUX-LES-SABLONS;;;;;;;;;;;;;;;;48.3792482,2.7919065
BIBLIOTHÈQUE DE LA MAISON DE QUARTIER;Place Georges Brassens;77100;77;NANTEUIL-LES-MEAUX;;;;;;;;;;;;;;;;48.942039,2.8809867
MÉDIATHÈQUE ALAIN RAMEY;Place Roland Vincent;91100;91;VILLABE;;;;;;;;;;;;;;;;48.587824,2.456043
BIBLIOTHÈQUE GUTENBERG;8 rue de la Montagne d'Aulas;75015;75;PARIS;;;;;;;;;;;;;;;;48.8402996,2.278541
BIBLIOTHÈQUE ITALIE;211-213 boulevard Vincent Auriol;75013;75;PARIS;;;;;;;;;;;;;;;;48.8307589,2.3570279
BIBLIOTHÈQUE SAINT-FARGEAU;12 rue du Télégraphe;75020;75;PARIS;;;;;;;;;;;;;;;;48.8720089,2.3998526
BIBLIOTHÈQUE MUNICIPALE;Place Ségalat;78970;78;MÉZIÈRES-SUR-SEINE;;;;;;;;;;;;;;;;48.9598057,1.7977431
BIBLIOTHÈQUE MUNICIPALE;Place du Prieuré;78660;78;BOINVILLE-LE-GAILLARD;;;;;;;;;;;;;;;;48.493486,1.871719
MÉDIATHÈQUE DE L'ABBAYE - NELSON MANDELA;3 place de l'Abbaye;94000;94;CRETEIL;Subvention Région 2009;;;;;;;;;;1372041;;;;;48.7778071,2.4692096
BIBLIOTHÈQUE FRANÇOIS QUESNAY;1 sentier de l'abbaye;78490;78;MERE;;;;;;;;;;;;;;;;48.788175,1.818644
MÉDIATHÈQUE MUNICIPALE;Allée Germaine Tailleferre;77860;77;QUINCY-VOISINS;;;;;;;;;;;;;;;;48.899203,2.873342
BIBLIOTHÈQUE MUNICIPALE;14 route de Mantes;78200;78;BUCHELAY;;;;;;;;;;;;;;;;48.9795117,1.6762726
